employee_id,full_name,profession_id,profession_group_id,gender,date_of_birth,hire_date,resignation_date
1,"S.Tr.Kes, Haris Suprapto",1431,2,M,07/09/1985,02/12/2005,
2,"A.Md, Puspita Widodo",1427,2,F,28/05/1983,18/07/2021,
3,"MD, Widya Priyanto",1411,1,F,19/03/1990,31/12/2008,
4,"S.KM, Mahendra Hutabarat",1426,2,M,13/05/1974,02/06/2000,
5,"Endah Purwanto, M.M",1423,2,F,28/09/1972,11/10/2011,
6,"S.Kep, Wawan Hutapea",1413,1,M,28/12/1974,18/11/1999,
7,"A.Md.Kes, Vera Setiadi",1431,2,F,23/06/1979,29/06/2013,
8,"Purwanto Hermawan",1429,2,M,30/11/1993,12/07/2025,
9,"Tri Hermawan",1430,2,F,17/09/1967,02/04/1993,
10,"Citra Saputra",1430,2,F,04/01/1986,17/01/2011,
11,"Ners, Hesti Susanto",1413,1,F,31/03/1994,30/10/2017,
12,"Candra Hakim, MBBS",1411,1,M,24/01/1994,02/05/2018,
13,"Joko Purwanto",1432,2,M,14/06/1972,27/05/1998,
14,"Gilang Susanto",1429,2,M,01/11/1968,17/08/1995,
15,"Dwi Suryanto",1430,2,M,19/08/1981,27/11/2017,
16,"Nugroho Malik, M.Ft",1420,1,M,20/12/1971,26/12/1990,
17,"Wulan Raharjo, Dr.",1413,1,F,06/04/2000,20/05/2020,
18,"Ade Hermawan, A.Md",1427,2,M,07/08/1995,28/12/2014,
19,"A.Md.Kep, Vera Simanjuntak",1413,1,F,02/09/1970,02/02/2002,
20,"Ahmad Budiman, drg. Sp.BM",1412,1,M,12/05/1983,18/05/2021,07/07/2022
21,"Kusuma Siregar",1419,1,M,12/12/1971,18/12/1998,
22,"Jaya Susanto",1428,2,M,30/08/1965,05/06/2001,
23,"Fitri Suryanto, A.Md.Kes",1431,2,F,11/01/1989,24/10/2018,
24,"Zulkifli Siregar, MD",1411,1,M,09/09/1969,08/11/2003,
25,"Ani Gunawan, Ners",1413,1,F,15/07/1998,15/05/2019,
26,"Ani Prasetyo",1430,2,F,07/05/1987,21/03/2015,
27,"M.M, Irfan Panjaitan",1423,2,M,11/11/1997,21/07/2022,
28,"M.KM, Hendra Kusuma",1424,2,M,05/04/1999,22/03/2025,
29,"Joko Suprapto, S.Adm",1427,2,M,13/04/1969,16/04/1990,
30,"Lestari Permana, S.Tr.Rad",1417,1,F,24/01/1973,20/06/2006,
31,"Diah Nasution",1433,2,F,25/07/1980,16/06/2005,
32,"MBBS, Lestari Prabowo",1411,1,F,27/11/1965,29/09/1983,
33,"Putri Wijayanto",1411,1,F,25/08/1978,10/12/2011,01/03/2012
34,"Rahmat Sitompul, S.E",1428,2,M,02/11/1970,19/02/2010,
35,"Nanang Firmansyah",1430,2,M,09/08/1966,25/12/1985,
36,"Sri Kusuma",1415,1,F,08/09/1965,16/10/2003,
37,"MBBS, Ningsih Malik",1411,1,F,22/04/1989,26/09/2011,
38,"Dr., Tuti Susanto",1411,1,F,26/09/1968,01/05/1996,
39,"Prasetyo Nasution, A.Md.Rad",1417,1,M,12/10/2000,02/02/2025,
40,"Taufik Manurung",1429,2,M,03/08/1971,30/06/1999,19/08/2014
41,"Lina Pratama",1423,2,F,10/03/1965,22/04/1989,
42,"Indra Utomo, M.Kom",1425,2,M,06/10/1984,25/12/2016,
43,"Rudi Wijaya, M.M",1428,2,M,20/04/1993,15/08/2020,
44,"Nadia Prasetyo, CA",1428,2,F,08/08/1978,02/05/2003,
45,"S.Kep, Cahyo Suprapto",1413,1,M,07/04/1981,04/12/2015,
46,"MD, Dwi Hakim",1411,1,M,21/04/1985,21/04/2015,
47,"A.Md.T, Wahyu Simanjuntak",1434,2,M,05/05/1966,26/10/1992,
48,"Candra Rahman",1429,2,M,02/03/1977,15/02/2011,
49,"Lukas Hutabarat",1434,2,M,27/02/2003,23/07/2023,
50,"Rina Gunawan, MBA",1423,2,F,06/09/1998,25/03/2017,
51,"Kusuma Kusuma, Dr.",1411,1,M,25/07/1977,24/02/2015,24/11/2025
52,"dr., Taufik Saputra",1411,1,M,14/08/1993,05/03/2017,
53,"Nugroho Sugiarto, Sp.Farm",1419,1,M,13/08/1967,21/06/2001,
54,"Dr., Kartika Saputra",1411,1,F,19/10/1965,13/12/2002,30/12/2012
55,"Cahyo Firmansyah, S.Farm",1419,1,M,01/03/1973,19/05/1999,
56,"Dr., Elia Raharjo",1413,1,F,13/05/2003,15/05/2025,
57,"Fitri Lubis",1431,2,F,18/02/1989,13/10/2024,
58,"Budi Firmansyah",1413,1,M,11/02/1986,07/03/2007,
59,"Sp.Kep, Putri Setiawan",1413,1,F,24/10/1997,04/12/2020,05/05/2025
60,"Bella Kurniawan, M.K3",1435,2,F,21/04/1997,01/01/2022,
61,"A.Md.Kes, Usman Tampubolon",1415,1,M,07/07/2002,25/02/2024,
62,"Haris Hermawan, A.Md.Kes",1431,2,M,07/04/1969,31/01/1999,
63,"Diana Prasetyo, S.Kep",1413,1,F,27/08/1976,07/05/1996,
64,"Linda Lubis, M.Keb",1414,1,F,20/03/2002,23/03/2020,04/08/2023
65,"Susilo Hermawan",1432,2,M,27/07/2003,17/07/2022,
66,"Lestari Hutapea",1430,2,F,10/02/1990,14/07/2018,
67,"S.Gz, Fitri Suryanto",1421,1,F,10/10/1977,11/09/2009,
68,"Anisa Rahman",1417,1,F,03/05/1998,08/08/2023,
69,"Lestari Wijaya",1411,1,F,25/06/1985,06/04/2022,19/07/2025
70,"Rini Hermawan",1415,1,F,07/05/2000,30/03/2019,
71,"Kusuma Santoso",1429,2,M,27/11/1971,09/04/2011,
72,"M.Kep, Mega Kusuma",1413,1,F,04/07/1991,03/02/2025,
73,"M.Kep, Puspita Siregar",1413,1,F,02/09/1999,07/03/2024,
74,"Diana Sitompul, M.Kep",1413,1,F,28/05/1972,22/05/1996,
75,"Gilang Permana, S.Kep",1413,1,M,05/08/1975,10/11/2012,
76,"MBBS, Anisa Siregar",1411,1,F,11/08/1968,25/03/1991,
77,"Hendra Simbolon, M.Kep",1413,1,M,28/06/1984,17/06/2020,
78,"Widya Suryanto",1414,1,F,09/07/2001,28/11/2022,06/06/2024
79,"Fani Prasetyo, Sp.Kep",1413,1,F,03/12/1991,12/03/2016,
80,"Pharm.D, Lukman Wijayanto",1419,1,M,06/10/1994,07/08/2016,
81,"Citra Nasution, A.Md.Keb",1414,1,F,18/09/1977,22/03/2000,
82,"Indah Tampubolon, drg. Sp.BM",1412,1,F,27/02/1972,08/09/1999,
83,"Apt., Yanti Pasaribu",1419,1,F,10/08/1969,24/11/1991,
84,"A.Md.AK, Nadia Tampubolon",1418,1,F,31/05/1967,03/08/1999,
85,"Bambang Santoso",1424,2,M,07/02/1998,24/05/2023,
86,"Dimas Simanjuntak",1429,2,M,03/08/1965,21/06/1990,
87,"Rina Manurung, Ners",1413,1,F,30/07/1974,18/07/1992,
88,"Fitri Sari, S.Sos",1427,2,F,15/09/1966,01/10/2001,
89,"M.Farm, Fitri Susanto",1419,1,F,04/04/1977,09/08/2014,
90,"SST, Retno Manurung",1417,1,F,03/09/1987,16/03/2010,
91,"Galih Permana",1432,2,M,21/05/1996,05/08/2019,
92,"dr. Sp.KK, Sri Santoso",1412,1,F,24/12/1990,13/06/2021,
93,"Diah Santoso, Dr.",1413,1,F,14/11/1995,09/02/2024,
94,"Firmansyah Wibowo, S.E",1427,2,M,07/11/1969,02/09/1988,
95,"dr. Sp.B, Farhan Sari",1412,1,M,27/01/1987,08/09/2010,
96,"A.Md.Kep, Vina Saputra",1413,1,F,11/07/2003,01/05/2022,
97,"Haris Siahaan, dr. Sp.KK",1412,1,M,19/04/1978,01/03/2014,
98,"S.E, Yuni Prasetyo",1427,2,F,06/04/1972,06/08/2001,
99,"Retno Siregar",1419,1,F,19/03/1996,03/06/2023,
100,"Yoga Hutapea, A.Md.AK",1418,1,M,17/07/1977,22/02/2009,
101,"Agus Setiadi, dr. Sp.KK",1412,1,M,06/03/1975,25/04/2004,
102,"Kurniawan Sitompul",1431,2,M,26/09/1972,07/11/1993,
103,"Bayu Pratama, S.Tr.Kes",1431,2,M,03/09/1992,10/12/2017,
104,"MD, Nur Setiadi",1411,1,F,22/07/1981,02/09/2011,
105,"Citra Panjaitan, Dr.",1413,1,F,30/11/1994,27/11/2014,23/10/2015
106,"Vina Kurniawan",1426,2,F,05/07/2002,23/08/2022,
107,"Zulkifli Sugiarto",1413,1,M,20/11/1981,09/02/2017,
108,"Wulan Suryanto, M.Kep",1413,1,F,02/10/1990,27/03/2022,
109,"S.Tr.ELM, Rahmat Suprapto",1416,1,M,17/06/1980,18/07/2006,
110,"Lukman Saputra, S.Farm",1419,1,M,05/09/1987,21/04/2010,
111,"Susilo Sugiarto",1424,2,M,26/09/1989,08/03/2020,
112,"Novita Raharjo, M.Kep",1413,1,F,29/12/1979,25/03/2013,
113,"Haris Suryanto, dr.",1411,1,M,24/04/1988,22/12/2024,
114,"Nur Suryanto",1426,2,F,30/04/1990,27/09/2018,
115,"S.T, Nadia Situmorang",1425,2,F,25/05/1974,25/02/1993,
116,"Hadi Siahaan",1413,1,M,26/10/1974,31/01/2006,
117,"Ners, Wulan Sinaga",1413,1,F,05/02/2001,18/09/2024,
118,"S.Kep, Fajar Simbolon",1413,1,M,16/08/1998,21/04/2021,
119,"Dr., Tiara Hakim",1413,1,F,14/05/1981,30/09/1999,
120,"Zulkifli Saputra, M.Ked",1411,1,M,26/10/1977,29/05/2006,
121,"Hendra Kurniawan",1429,2,M,12/08/1989,07/07/2021,
122,"Ayu Santoso, A.Md.Kep",1413,1,F,26/03/1993,16/05/2019,
123,"Silvi Wijaya, dr. Sp.PK",1412,1,F,17/08/2002,18/03/2022,
124,"A.Md.Kep, Sri Priyanto",1413,1,F,19/12/1989,09/12/2015,
125,"Ahmad Pratama",1433,2,M,27/10/2002,14/03/2021,
126,"dr. Sp.An, Susilo Malik",1412,1,M,24/04/1984,27/07/2009,
127,"Ratna Prabowo, M.Keb",1414,1,F,01/08/1967,01/06/2001,
128,"dr., Ahmad Rahman",1411,1,M,08/11/1986,10/10/2019,
129,"Rahmat Rahman",1427,2,M,09/08/1993,29/06/2021,
130,"Nugroho Hutapea, A.Md.Keb",1414,1,M,18/02/1988,02/03/2018,
131,"Nur Sari, Sp.Kep",1413,1,F,02/01/1983,28/03/2003,
132,"Slamet Siahaan, MBBS",1411,1,M,06/05/1993,06/10/2021,
133,"Made Prasetyo, dr.",1411,1,M,04/03/1976,05/07/2013,
134,"Fani Wijayanto, S.Tr.Kes",1431,2,F,02/04/1984,14/11/2021,10/01/2023
135,"M.KM, Dimas Wibowo",1426,2,M,03/05/1998,11/08/2019,
136,"Anisa Utomo",1425,2,F,29/09/1997,05/11/2025,
137,"Endah Widodo, RD",1421,1,F,22/02/1972,13/12/2012,
138,"DrPH, Dewi Prabowo",1424,2,F,28/12/1974,25/01/1996,
139,"Joko Siahaan, A.Md.T",1434,2,M,12/08/2003,27/04/2022,04/12/2024
140,"M.M, Candra Sugiarto",1427,2,M,11/03/1988,05/01/2023,
141,"RD, Putri Kusuma",1421,1,F,05/04/1981,23/09/2010,
142,"MD, Zulkifli Lubis",1411,1,M,13/01/1999,26/10/2018,
143,"A.Md.Kes, Kusuma Situmorang",1418,1,M,18/01/1965,03/01/1984,26/01/2004
144,"SST, Zainal Siahaan",1417,1,M,21/05/1993,05/01/2021,
145,"dr., Dewi Gunawan",1411,1,F,06/12/1979,13/12/2015,
146,"Ahmad Siregar",1430,2,M,31/10/1977,07/12/2006,
147,"Yanto Suprapto, S.Kes",1415,1,M,07/01/1982,10/01/2005,
148,"Dedi Purwanto, M.Farm",1419,1,M,25/11/1991,19/03/2020,
149,"A.Md.Kes, Bayu Suryanto",1415,1,M,22/09/1996,18/01/2014,
150,"Mahendra Putra",1429,2,M,29/09/1977,20/04/2004,
151,"Cahyo Kurniawan",1417,1,M,07/10/2001,09/05/2021,
152,"Ir., Usman Hakim",1423,2,M,28/08/1983,18/01/2011,
153,"MD, Nur Hermawan",1411,1,F,31/12/1969,31/03/2002,24/07/2013
154,"S.E, Maya Simanjuntak",1427,2,F,17/05/2002,02/09/2023,
155,"Gunawan Sinaga",1411,1,M,09/09/1979,08/07/2007,
156,"Jaya Sitompul, S.Tr.Kes",1431,2,M,24/07/1999,22/02/2019,
157,"A.Md.Kep, Kusuma Prabowo",1413,1,M,27/09/1988,27/12/2013,
158,"Rini Malik, A.Md.Kes",1415,1,F,02/03/1976,13/03/2000,
159,"S.Tr.Kes, Ahmad Sugiarto",1418,1,M,25/06/1987,25/03/2023,
160,"Vina Widodo, S.Kep",1413,1,F,15/06/1981,10/08/2006,
161,"dr. Sp.JP, Zainal Simbolon",1412,1,M,30/12/1997,22/04/2018,
162,"M.Kes, Slamet Wijaya",1415,1,M,01/03/1988,18/11/2012,
163,"Rudi Hartono, ATLM",1422,1,M,02/03/1989,20/06/2017,
164,"Dr., Yoga Hermawan",1413,1,M,16/09/1968,24/07/2005,
165,"Nadia Hartono",1416,1,F,27/08/1968,06/05/1987,
166,"S.Sos, Rahmat Hutapea",1427,2,M,22/03/1965,29/04/2005,
167,"A.Md.Kep, Rahmat Susanto",1413,1,M,18/12/1973,10/04/2008,
168,"S.Kes, Zainal Pasaribu",1415,1,M,02/10/1976,23/12/2013,
169,"Bayu Simanjuntak, Dr.",1411,1,M,05/04/1970,02/12/2010,
170,"Yanto Wibowo",1427,2,M,09/12/1986,20/06/2022,
171,"Ningsih Firmansyah",1430,2,F,22/10/1968,09/01/1990,
172,"Kurniawan Wijaya",1427,2,M,15/11/1988,04/06/2023,
173,"Bella Manurung",1416,1,F,01/12/1969,23/03/2007,
174,"Gilang Gunawan, A.Md.Kes",1415,1,M,22/12/1969,12/06/2005,14/06/2024
175,"Yoga Wibowo",1421,1,M,09/03/1993,09/06/2024,
176,"Tuti Suprapto, S.Sos",1427,2,F,25/01/1994,01/12/2018,
177,"Dewi Kusuma, S.Kep",1413,1,F,23/10/1979,07/03/2007,
178,"M.KM, Diah Prabowo",1426,2,F,17/12/1976,13/07/1998,
179,"M.M, Rina Sari",1423,2,F,06/10/1982,21/06/2010,
180,"SST, Purwanto Sinaga",1417,1,M,16/07/1996,13/06/2022,
181,"Yuliana Simbolon, M.KM",1426,2,F,09/06/2000,16/08/2020,
182,"S.Ked, Eko Tampubolon",1411,1,M,16/07/1982,08/07/2011,
183,"Budi Hermawan",1413,1,M,10/05/1971,01/11/2005,
184,"Purwanto Hutabarat, MARS",1424,2,M,23/08/1965,30/11/1983,
185,"SST, Fitri Raharjo",1414,1,F,29/07/1974,22/12/1995,
186,"S.Adm.Kes, Endah Utomo",1423,2,F,10/06/1978,26/03/2017,
187,"M.Kes, Ika Setiadi",1415,1,F,20/08/2000,07/12/2018,
188,"Usman Wibowo",1433,2,M,02/04/1991,19/09/2018,
189,"M.Kep, Rina Gunawan",1413,1,F,02/02/1984,22/06/2021,
190,"Puspita Hakim, S.Kep",1413,1,F,08/12/1982,28/09/2007,09/05/2025
191,"Elia Prasetyo, S.Adm",1427,2,F,15/08/1986,13/09/2005,
192,"MBBS, Elia Widodo",1411,1,F,21/04/1988,21/02/2025,
193,"A.Md.ELM, Lestari Priyanto",1416,1,F,07/08/1966,10/05/1985,
194,"Taufik Pratama",1430,2,M,19/10/1971,10/07/2009,
195,"Joko Suprapto",1435,2,M,30/10/1968,07/05/1995,
196,"S.Ked, Rahmat Wibowo",1411,1,M,25/03/1975,18/07/1996,
197,"Rini Siahaan, A.Md.Kep",1413,1,F,25/11/1996,03/01/2015,23/11/2017
198,"M.Kes, Tiara Kusuma",1415,1,F,02/09/1997,22/08/2015,
199,"Sp.Kep, Diana Wibowo",1413,1,F,17/12/1986,01/11/2015,
200,"M.M, Bella Santoso",1427,2,F,30/11/1985,27/09/2018,
201,"dr. Sp.B, Lina Hutabarat",1412,1,F,07/04/1965,03/03/2002,
202,"Gilang Priyanto, CA",1428,2,M,09/08/1998,16/08/2020,
203,"Tri Maulana, M.M",1427,2,F,26/10/1996,21/09/2023,
204,"Hadi Setiawan, S.K3",1435,2,M,21/04/1986,18/08/2018,02/08/2020
205,"dr. Sp.P, Lestari Putra",1412,1,F,06/11/1982,13/05/2022,
206,"Galih Hutapea, A.Md.Kes",1415,1,M,29/11/1980,05/09/2005,
207,"Lukman Putra",1430,2,M,13/12/1981,02/11/2006,
208,"Haris Sugiarto",1434,2,M,01/06/1968,28/08/2001,
209,"Zara Raharjo",1427,2,F,23/11/1972,20/10/1998,10/07/2014
210,"Dr., Kartika Wijayanto",1413,1,F,06/01/1987,25/11/2014,
211,"M.KM, Endah Utomo",1426,2,F,11/12/1979,06/10/2015,
212,"Joko Wijayanto",1430,2,M,12/10/1981,23/07/2017,25/10/2019
213,"Retno Situmorang, dr. Sp.RM",1412,1,F,09/08/1969,14/08/2006,
214,"A.Md.Kes, Gunawan Budiman",1418,1,M,14/01/1987,18/03/2019,
215,"Hesti Kurniawan, M.Kep",1413,1,F,28/09/1999,01/11/2022,
216,"Ika Setiawan, S.Adm",1427,2,F,10/05/1982,22/07/2010,
217,"M.M, Ika Panjaitan",1427,2,F,05/05/2000,12/12/2024,
218,"Drs., Bella Prasetyo",1423,2,F,11/03/1972,22/02/2002,
219,"MBBS, Zulkifli Nasution",1411,1,M,11/10/1966,20/05/1999,
220,"Endah Hutabarat, S.E",1423,2,F,10/05/1986,05/05/2018,
221,"Galih Nugroho, MBBS",1411,1,M,22/05/1972,26/07/2001,
222,"S.KM, Kurniawan Pratama",1424,2,M,02/07/1974,07/02/2008,
223,"Dr. dr. Sp.PD, Haris Tampubolon",1412,1,M,17/06/1998,02/08/2016,
224,"Endah Wijaya",1433,2,F,24/01/1995,10/04/2013,
225,"Ak., Gunawan Panjaitan",1428,2,M,14/04/2003,19/12/2024,
226,"A.Md.Kep, Yuliana Sugiarto",1413,1,F,15/09/1972,25/04/2012,
227,"Vina Wijayanto",1420,1,F,10/08/1987,17/04/2019,
228,"Susilo Suprapto, Dr.",1411,1,M,20/04/1966,23/11/2000,
229,"Vina Saputra, A.Md.Kes",1431,2,F,03/01/1995,06/11/2018,10/04/2019
230,"Dr., Mira Saputra",1413,1,F,15/07/1992,03/09/2019,
231,"Irfan Permana",1429,2,M,29/12/1985,29/07/2005,
232,"Firmansyah Purwanto",1415,1,M,17/12/1987,30/11/2021,
233,"M.Biomed, Fani Manurung",1418,1,F,12/07/1973,06/02/2008,
234,"Dimas Situmorang, S.Adm.Kes",1423,2,M,21/07/1978,16/07/2014,
235,"Putri Purwanto, S.Tr.Kes",1422,1,F,26/03/1969,06/08/2004,
236,"SST, Widya Pasaribu",1414,1,F,25/12/1996,26/09/2018,
237,"Yanto Manurung, MBBS",1411,1,M,30/01/1999,10/11/2023,
238,"Wati Hidayat, Ners",1413,1,F,09/07/2000,09/05/2025,
239,"Fani Hermawan",1430,2,F,25/08/1971,19/12/2007,
240,"Ners, Oki Pratama",1413,1,M,21/12/1987,28/03/2017,
241,"A.Md.Kes, Yanti Putra",1415,1,F,29/08/1979,20/10/1997,06/03/2003
242,"Vina Wijayanto",1413,1,F,29/12/1970,27/04/2008,
243,"Zainal Siregar, Drs.",1423,2,M,10/02/1968,08/04/2001,
244,"Anisa Setiawan, Ners",1413,1,F,28/11/1970,10/10/2000,10/07/2001
245,"M.Kep, Agus Pasaribu",1413,1,M,10/09/1966,25/03/1996,
246,"Mira Setiawan, S.Keb",1414,1,F,18/05/2001,09/06/2025,
247,"Vera Hidayat, S.Tr.Kes",1422,1,F,13/08/1990,20/09/2015,
248,"Susilo Simanjuntak",1432,2,M,21/08/1984,07/08/2017,
249,"Candra Wibowo",1429,2,M,23/02/1983,29/04/2008,
250,"MARS, Taufik Pasaribu",1423,2,M,14/05/2003,23/06/2023,
251,"Slamet Siahaan, S.Kep",1413,1,M,28/02/1977,23/09/2004,
252,"Vina Sinaga, dr. Sp.RM",1412,1,F,21/12/1989,19/08/2025,
253,"Wawan Wijaya",1429,2,M,13/03/1982,23/06/2020,
254,"Putri Firmansyah",1422,1,F,26/03/1985,22/09/2021,21/07/2025
255,"S.Ak, Wawan Malik",1428,2,M,09/03/1988,18/06/2009,
256,"Sari Sari, S.Kep",1413,1,F,12/08/1977,05/11/2001,
257,"Rina Widodo, M.M",1423,2,F,23/11/1991,08/04/2021,
258,"Maya Firmansyah, S.E",1427,2,F,29/08/1989,27/03/2025,
259,"M.Kep, Sinta Setiawan",1413,1,F,09/11/1989,08/06/2022,
260,"M.Keb, Yuni Lubis",1414,1,F,07/08/2001,31/10/2024,21/10/2025
261,"Dwi Hutapea, Ners",1413,1,M,05/06/1983,24/03/2019,
262,"Wati Hermawan, dr. Sp.A",1412,1,F,30/09/1983,31/05/2011,19/05/2020
263,"Mega Simanjuntak, S.KM",1435,2,F,05/03/2003,09/06/2022,
264,"S.Adm, Fajar Simanjuntak",1427,2,M,08/05/1997,06/07/2015,
265,"S.Kom, Taufik Siregar",1425,2,M,06/11/1974,16/11/1995,
266,"Zara Sugiarto",1430,2,F,11/02/1997,17/02/2024,
267,"Lestari Utomo, Dr.",1413,1,F,26/01/1970,04/01/2005,
268,"Kartika Lubis",1423,2,F,15/09/1987,28/11/2016,
269,"Hesti Hakim, Bd.",1414,1,F,03/01/2000,05/12/2024,
270,"Ak., Lina Kusuma",1428,2,F,10/10/1972,15/09/1990,
271,"Wulan Budiman, S.Kep",1413,1,F,10/10/1997,11/07/2016,
272,"Susilo Panjaitan",1424,2,M,13/11/1965,19/03/1995,
273,"Mira Wijaya",1430,2,F,01/08/1993,21/07/2017,
274,"Teguh Setiadi",1434,2,M,08/12/1969,13/01/2007,
275,"Budi Suryanto",1429,2,M,25/08/1979,29/12/2015,
276,"Dedi Widodo",1411,1,M,11/08/1969,14/01/2002,
277,"Mahendra Maulana, dr. Sp.PA",1412,1,M,13/09/1996,08/03/2022,
278,"M.KM, Gunawan Setiawan",1426,2,M,13/09/1985,15/06/2012,
279,"Diah Panjaitan, M.M",1427,2,F,21/06/1973,10/01/2008,
280,"M.KM, Diah Susanto",1426,2,F,13/12/1986,24/12/2010,
281,"Kartika Purwanto, Ners",1413,1,F,27/08/1975,31/10/1993,
282,"Zainal Panjaitan, M.Ked",1411,1,M,10/07/1971,21/03/1991,
283,"Anisa Priyanto, M.T",1423,2,F,04/12/1967,20/12/1996,
284,"Maya Hartono, S.Kom",1425,2,F,23/07/1974,29/05/2010,
285,"Sinta Panjaitan, M.KM",1426,2,F,17/01/1984,16/12/2004,
286,"dr. Sp.JP, Mega Siregar",1412,1,F,04/02/1986,01/05/2012,
287,"M.Keb, Vina Gunawan",1414,1,F,18/01/1971,04/01/1989,
288,"Agus Wijayanto",1429,2,M,28/02/1968,23/11/1998,
289,"M.Kep, Zara Firmansyah",1413,1,F,12/11/1980,04/01/2019,
290,"Yanti Suryanto, Ners",1413,1,F,27/01/1975,01/11/2007,
291,"M.Adm.Kes, Kurniawan Putra",1423,2,M,24/11/1992,20/12/2015,
292,"Diana Prasetyo",1430,2,F,26/12/2003,24/08/2025,
293,"Rina Utomo, dr. Sp.KJ",1412,1,F,07/02/1966,29/03/1987,
294,"S.Adm, Kusuma Susanto",1427,2,M,26/05/2000,19/07/2018,
295,"Dra., Yanti Firmansyah",1423,2,F,11/10/1978,05/05/1999,
296,"dr. Sp.PD, Taufik Pratama",1412,1,M,13/02/1973,12/09/2012,
297,"Linda Utomo, Dr.",1413,1,F,04/04/1972,17/04/1992,
298,"Fani Pasaribu, Sp.Farm",1419,1,F,06/06/1981,01/03/2017,
299,"A.Md.Kep, Diana Permana",1413,1,F,12/12/1995,29/08/2021,
300,"Rina Suprapto, S.Ak",1428,2,F,25/10/1967,24/01/1990,
301,"Joko Malik, M.Kes",1415,1,M,28/05/1976,29/09/2004,21/03/2014
302,"Bella Priyanto, SST",1414,1,F,15/06/1979,29/06/2002,
303,"Dedi Panjaitan",1433,2,M,02/04/1978,26/10/2006,
304,"Silvi Suprapto, S.Sos",1427,2,F,31/03/1971,26/11/2010,
305,"Bella Widodo, S.Kep",1413,1,F,11/07/1970,17/10/2005,
306,"Citra Hutapea",1430,2,F,22/08/1989,20/02/2010,
307,"Dr., Linda Prabowo",1413,1,F,06/08/1976,22/03/2016,21/05/2022
308,"Rina Malik, dr. Sp.An",1412,1,F,31/10/1979,17/04/2009,
309,"Ratna Purwanto",1428,2,F,12/02/1966,06/07/1993,11/07/2006
310,"Bambang Suryanto",1430,2,M,13/10/1989,23/03/2008,16/03/2015
311,"Wawan Hakim",1429,2,M,04/07/2002,29/09/2025,
312,"Ners, Ayu Santoso",1413,1,F,22/01/2000,03/03/2019,
313,"A.Md.Kep, Cahyo Manurung",1413,1,M,16/11/2003,11/12/2025,
314,"S.Si, Hendra Raharjo",1418,1,M,29/03/1973,05/07/1991,
315,"M.Kom, Ani Pratama",1425,2,F,12/03/1986,04/01/2007,
316,"Mira Panjaitan, M.Kep",1413,1,F,23/02/1994,21/09/2020,
317,"S.Tr.Kom, Fitri Hakim",1425,2,F,13/02/1995,28/05/2019,
318,"Putri Hermawan",1426,2,F,29/06/1994,16/11/2015,
319,"Silvi Panjaitan",1429,2,F,15/11/1977,19/10/2009,
320,"Zahra Gunawan, M.Kep",1413,1,F,24/12/1996,03/09/2019,
321,"M.Kep, Hesti Sugiarto",1413,1,F,17/07/1993,15/09/2024,23/12/2025
322,"A.Md.RMIK, Lukman Situmorang",1426,2,M,08/08/1969,25/01/1988,
323,"Ayu Gunawan",1413,1,F,26/06/1973,05/12/2013,20/06/2018
324,"M.Ked, Lestari Hidayat",1411,1,F,08/10/1986,10/03/2008,
325,"Widya Setiadi",1430,2,F,01/10/2002,30/04/2024,
326,"M.M, Retno Rahman",1427,2,F,03/12/1982,02/08/2022,
327,"M.Kep, Zahra Tampubolon",1413,1,F,30/09/2001,30/07/2020,11/02/2025
328,"Intan Suryanto, Sp.Kep",1413,1,F,23/11/1991,21/05/2009,
329,"Dewi Kurniawan, Dr.",1413,1,F,11/01/1974,17/10/1997,
330,"A.Md.RMIK, Yoga Situmorang",1426,2,M,19/12/1997,06/09/2015,
331,"Rini Wijayanto, S.T",1425,2,F,27/02/1991,23/09/2015,21/11/2016
332,"Widya Hutabarat",1430,2,F,06/12/1972,21/12/1994,
333,"Cahyo Pratama, dr.",1411,1,M,02/08/2001,16/05/2021,
334,"MBBS, Zahra Sari",1411,1,F,20/08/1989,21/02/2009,
335,"Dewi Hermawan",1433,2,F,23/10/1968,17/01/2007,
336,"M.Kep, Zulkifli Wijaya",1413,1,M,07/01/1987,02/05/2025,
337,"A.Md.Kes, Kartika Prabowo",1422,1,F,08/11/1991,05/11/2024,
338,"Fani Susanto",1433,2,F,19/06/1994,13/05/2015,
339,"Ani Panjaitan",1427,2,F,02/06/1971,09/06/2004,
340,"Wahyu Lubis, dr. Sp.PA",1412,1,M,03/08/1992,11/11/2015,
341,"Wahyu Hutapea",1433,2,M,18/06/1994,23/08/2014,
342,"M.M, Ade Suryanto",1427,2,M,09/04/1968,14/06/1988,02/12/2000
343,"Zulkifli Nugroho, A.Md.Kep",1413,1,M,16/11/2001,20/06/2024,
344,"Yanti Lubis, MBA",1423,2,F,04/08/2000,13/12/2024,
345,"A.Md.Kep, Ika Firmansyah",1413,1,F,30/12/1969,24/12/1991,
346,"M.M, Prasetyo Setiawan",1427,2,M,19/11/1995,25/03/2021,
347,"A.Md, Iwan Wijaya",1427,2,M,10/01/1983,26/03/2011,
348,"Hendra Sinaga, S.Ked",1411,1,M,29/10/1972,03/08/1993,
349,"S.KM, Nanang Rahman",1426,2,M,25/06/1967,24/08/1991,
350,"Rina Sari, M.Kep",1413,1,F,16/10/1967,22/06/1991,
351,"Lukman Simanjuntak, M.Ft",1420,1,M,04/05/1969,05/02/1988,
352,"Zara Santoso, Dr.",1413,1,F,21/09/1973,20/09/1999,
353,"Usman Raharjo",1430,2,M,22/08/1995,02/11/2025,
354,"Vina Pratama, S.Ak",1428,2,F,14/10/1982,05/12/2019,
355,"Sari Priyanto",1422,1,F,26/01/1987,14/12/2012,
356,"Bd., Farhan Prasetyo",1414,1,M,09/12/1997,03/03/2019,
357,"S.T, Rudi Setiawan",1425,2,M,03/08/1973,07/12/2000,07/01/2007
358,"M.T, Ratna Wibowo",1425,2,F,07/04/2000,02/06/2018,
359,"Sp.Farm, Nanang Siregar",1419,1,M,17/06/1990,16/03/2010,
360,"Retno Hermawan, S.Farm",1419,1,F,29/05/1982,15/02/2014,
361,"M.Kep, Fajar Kusuma",1413,1,M,03/03/1974,31/05/2000,
362,"Indah Setiawan, M.Biomed",1418,1,F,01/09/1966,18/01/2000,
363,"Oki Malik, drg. Sp.Perio",1412,1,M,09/10/1996,26/05/2023,
364,"S.Ft, Yanti Kurniawan",1420,1,F,14/07/2001,27/06/2024,
365,"Nugroho Budiman, Sp.Kep",1413,1,M,04/11/1986,20/07/2011,02/01/2014
366,"Mira Simbolon, Ners",1413,1,F,14/10/1982,24/01/2003,
367,"S.KM, Candra Putra",1426,2,M,21/06/1981,18/09/2007,24/03/2019
368,"Citra Simanjuntak",1430,2,F,11/02/1990,01/01/2017,
369,"M.T, Nugroho Pasaribu",1423,2,M,31/07/1981,13/08/2020,
370,"S.T, Ratna Suryanto",1423,2,F,11/11/1994,31/01/2014,
371,"Sinta Suprapto",1413,1,F,02/08/1984,08/10/2004,
372,"dr. Sp.RM, Retno Firmansyah",1412,1,F,18/07/1999,30/12/2022,
373,"Gilang Wijaya",1430,2,M,27/07/1988,02/12/2017,
374,"Lestari Hartono, A.Md.RMIK",1426,2,F,11/03/1979,05/10/2015,
375,"Fani Suprapto, M.Keb",1414,1,F,26/01/1998,27/12/2016,11/05/2025
376,"Intan Priyanto",1430,2,F,15/06/1995,16/07/2021,
377,"M.Kes, Irfan Sugiarto",1415,1,M,09/07/2002,29/03/2025,
378,"Puspita Prasetyo",1431,2,F,04/04/1991,15/09/2024,
379,"S.Kes, Galih Simbolon",1424,2,M,27/11/2002,09/12/2025,
380,"Silvi Sari, MARS",1423,2,F,25/01/1986,15/06/2019,
381,"M.Kep, Ika Budiman",1413,1,F,30/06/1988,19/07/2024,
382,"Rudi Nugroho, A.Md.Kep",1413,1,M,11/09/1999,28/06/2019,
383,"dr. Sp.B, Rahmat Priyanto",1412,1,M,30/03/1968,13/03/1991,06/06/2010
384,"Wahyu Pratama",1429,2,M,07/04/1969,05/10/2004,
385,"Puspita Malik, M.Kep",1413,1,F,08/05/1993,05/03/2025,
386,"Nadia Widodo",1413,1,F,21/02/1999,26/07/2018,
387,"Gilang Gunawan",1411,1,M,05/02/1992,13/06/2023,
388,"Intan Simanjuntak, M.Kep",1413,1,F,19/03/1995,01/12/2024,
389,"Diah Simbolon, Ners",1413,1,F,17/06/2001,20/03/2024,
390,"Indra Setiadi",1432,2,M,17/03/1991,08/02/2024,
391,"Indra Sugiarto",1415,1,M,24/04/1986,18/08/2013,
392,"Diah Hartono",1433,2,F,29/06/1978,14/09/2001,
393,"A.Md.T, Yoga Suprapto",1434,2,M,13/09/1967,19/06/1985,17/03/1997
394,"Nadia Hakim",1413,1,F,30/09/1977,28/09/2015,
395,"Ners, Elia Raharjo",1413,1,F,24/04/1989,13/05/2007,
396,"Endah Santoso, SST",1414,1,F,05/02/1993,22/12/2023,
397,"Hendra Simanjuntak",1429,2,M,05/01/1996,04/02/2020,
398,"Ani Prabowo, A.Md.Kep",1413,1,F,16/02/1990,04/03/2010,01/03/2018
399,"SST, Cahyo Situmorang",1417,1,M,28/03/1980,20/07/2000,
400,"Teguh Lubis, Drs.",1423,2,M,06/02/1996,19/03/2023,
401,"Sp.Kep, Budi Suryanto",1413,1,M,19/08/1985,24/05/2009,
402,"Slamet Hakim",1423,2,M,24/04/1993,29/10/2021,
403,"Fitri Prabowo",1430,2,F,21/03/1980,26/07/2001,
404,"Purwanto Nasution, M.KM",1426,2,M,14/08/1987,14/04/2009,
405,"dr. Sp.RM, Linda Sinaga",1412,1,F,15/06/1987,20/11/2017,
406,"Wawan Kusuma, A.Md.Kes",1422,1,M,09/09/1971,05/12/2000,
407,"Retno Nasution",1427,2,F,28/04/1969,27/12/1992,
408,"S.Keb, Mega Maulana",1414,1,F,16/10/1989,12/02/2021,
409,"S.T, Maya Setiawan",1434,2,F,04/08/1991,29/07/2020,
410,"Yanto Permana, Dr.",1413,1,M,28/11/1991,08/03/2010,
411,"Hendra Kusuma, MARS",1424,2,M,24/03/1994,14/05/2020,
412,"dr. Sp.P, Kusuma Tampubolon",1412,1,M,13/08/1982,17/02/2011,
413,"Ade Nasution",1430,2,M,03/12/1968,08/01/2002,
414,"S.Tr.Kes, Lukas Sitompul",1431,2,M,22/05/1973,31/05/1998,
415,"Dwi Widodo, dr. Sp.M",1412,1,M,04/03/2000,30/07/2019,
416,"M.M, Dimas Hartono",1427,2,M,18/11/1980,22/04/2007,
417,"M.Kes, Mira Maulana",1415,1,F,25/04/1969,26/03/2004,
418,"MD, Irfan Lubis",1411,1,M,17/05/1995,30/10/2013,
419,"Hendra Nugroho, A.Md",1427,2,M,14/12/2001,05/01/2020,
420,"Zahra Sinaga, A.Md",1427,2,F,15/07/1966,27/07/1990,
421,"Wawan Manurung",1429,2,M,13/05/2001,03/07/2022,
422,"Dedi Setiadi, Ners",1413,1,M,06/04/1971,20/10/1999,
423,"A.Md.Kes, Purwanto Hutabarat",1415,1,M,30/07/1988,12/09/2013,
424,"Nanang Hutabarat, M.KM",1426,2,M,06/05/1971,07/07/2010,
425,"Sinta Pratama, A.Md.Kep",1413,1,F,31/08/1999,15/02/2022,
426,"S.Kep, Tri Manurung",1413,1,F,06/09/1990,02/10/2024,
427,"Lukman Suryanto",1415,1,M,26/05/1975,23/02/1996,
428,"Dr., Mega Putra",1411,1,F,11/09/1980,02/06/2018,
429,"S.Ked, Firmansyah Hutabarat",1411,1,M,09/11/1992,13/10/2023,
430,"Lestari Suryanto, Ners",1413,1,F,27/07/2002,20/08/2022,
431,"M.KM, Sri Budiman",1426,2,F,19/08/1986,16/12/2011,
432,"Budi Siregar",1429,2,M,06/08/1980,12/05/2013,
433,"Sp.Kep, Diana Manurung",1413,1,F,25/09/1965,28/01/1992,
434,"Joko Hutabarat",1430,2,M,26/07/1990,27/04/2009,
435,"S.Tr.Kes, Sri Hidayat",1431,2,F,22/05/1993,01/12/2016,22/12/2025
436,"Sinta Hidayat",1427,2,F,19/06/1968,09/10/2002,
437,"Dimas Raharjo",1423,2,M,27/11/1988,26/06/2014,
438,"Bambang Panjaitan, drg. Sp.KGA",1412,1,M,22/10/1971,14/09/2002,
439,"Ningsih Simanjuntak",1433,2,F,07/11/1980,12/08/2002,
440,"Dr., Hendra Suryanto",1413,1,M,27/03/1988,22/02/2024,
441,"Tri Suryanto, M.Kep",1413,1,F,25/04/1997,26/06/2017,
442,"Prasetyo Pasaribu",1430,2,M,10/05/1967,30/12/1991,
443,"Elia Setiawan, RD",1421,1,F,20/09/1970,12/11/2004,
444,"Sp.Kep, Putri Sari",1413,1,F,28/06/1982,15/03/2022,
445,"Mega Sinaga, M.Ak",1428,2,F,15/06/1975,20/01/2011,
446,"Kurniawan Hutapea, A.Md.Rad",1417,1,M,17/07/1985,15/04/2022,
447,"Rahmat Susanto",1429,2,M,18/06/1977,24/01/2004,
448,"S.Keb, Putri Simbolon",1414,1,F,27/08/1991,17/06/2018,
449,"Lukman Gunawan",1431,2,M,22/12/1979,12/03/2009,
450,"S.T, Budi Prabowo",1434,2,M,16/06/1995,17/03/2025,
451,"MBA, Nanang Siregar",1423,2,M,05/11/1989,11/04/2021,
452,"Wati Nugroho, S.Adm",1427,2,F,09/05/1990,09/03/2017,
453,"Dr., Lestari Priyanto",1413,1,F,21/11/1969,12/06/1998,
454,"Dr., Yanto Putra",1413,1,M,05/03/1984,13/08/2008,
455,"Indah Situmorang, M.KM",1426,2,F,22/10/1972,17/07/2004,
456,"Citra Wijayanto, Dr.",1413,1,F,03/07/1965,01/12/1985,
457,"Sp.Kep, Galih Lubis",1413,1,M,25/06/1988,27/10/2025,
458,"Sinta Rahman, A.Md.T",1434,2,F,29/07/1989,14/02/2008,
459,"Tuti Prabowo, S.Ked",1411,1,F,06/07/1994,07/10/2021,
460,"Yanto Hakim, Pharm.D",1419,1,M,18/09/1996,23/05/2015,
461,"Haris Priyanto, Dr.",1411,1,M,28/08/2000,01/01/2021,
462,"S.Kep, Retno Firmansyah",1413,1,F,03/09/1974,07/03/2003,
463,"Wulan Maulana",1413,1,F,04/11/1994,05/03/2012,
464,"Nanang Raharjo",1426,2,M,27/04/1981,08/12/2015,
465,"Dewi Wijayanto, A.Md.Kep",1413,1,F,24/01/1995,22/03/2015,
466,"Hendra Rahman",1429,2,M,15/11/1994,09/12/2022,
467,"Teguh Purwanto",1430,2,M,03/11/1995,09/08/2024,
468,"Mahendra Priyanto",1430,2,M,19/05/1980,27/10/2018,
469,"Wati Lubis",1433,2,F,11/01/1974,09/10/2002,
470,"S.E, Budi Wijayanto",1427,2,M,24/09/1969,25/12/1999,
471,"Tri Firmansyah, S.Si",1418,1,F,24/03/1979,14/01/1998,
472,"Vera Wijayanto",1433,2,F,29/04/1994,25/05/2014,
473,"Novita Manurung, S.Ked",1411,1,F,31/10/2003,25/12/2025,
474,"A.Md.Kes, Yuni Sitompul",1415,1,F,13/11/1996,21/04/2016,
475,"Teguh Gunawan",1420,1,M,20/05/1973,27/05/1991,
476,"Rahmat Kurniawan, A.Md.Kes",1418,1,M,05/10/1976,06/12/1996,
477,"S.Adm, Sri Hutapea",1427,2,F,18/12/1989,26/03/2022,
478,"Tri Prasetyo",1413,1,F,09/02/1993,23/06/2016,
479,"Tri Pasaribu, MBBS",1411,1,F,17/06/1972,27/08/1993,12/05/1999
480,"M.Kep, Diana Setiadi",1413,1,F,27/07/1988,05/03/2011,
481,"Hesti Sugiarto",1430,2,F,03/02/1992,02/09/2024,
482,"DrPH, Yuliana Wibowo",1424,2,F,25/06/1972,18/03/1995,
483,"Hesti Permana, Dr.",1413,1,F,07/01/1973,14/06/2006,11/04/2025
484,"Dewi Budiman, dr. Sp.THT",1412,1,F,17/08/1995,29/09/2020,
485,"M.Kes, Ani Firmansyah",1415,1,F,22/10/1968,28/03/2001,02/11/2018
486,"Farhan Suryanto",1431,2,M,02/11/1972,22/11/2006,
487,"Dwi Purwanto",1420,1,M,17/12/1967,01/07/2001,
488,"drg. Sp.Ort, Galih Rahman",1412,1,M,28/07/1981,28/04/2006,
489,"Linda Pasaribu",1430,2,F,26/10/1976,16/10/2008,
490,"Zara Siahaan",1427,2,F,31/10/2001,10/07/2024,
491,"Tri Maulana, M.Keb",1414,1,F,02/08/1995,06/02/2017,
492,"S.KM, Ika Wijaya",1424,2,F,02/04/1988,23/07/2015,
493,"A.Md.Keb, Ayu Wijaya",1414,1,F,16/03/1966,31/05/2001,
494,"S.Tr.Kes, Lukman Suryanto",1418,1,M,21/04/2001,25/02/2021,
495,"Putri Kusuma, S.Kep",1413,1,F,31/01/1989,13/05/2021,05/01/2022
496,"A.Md.Kom, Vera Siahaan",1425,2,F,01/05/1987,12/11/2022,
497,"Putri Panjaitan, S.Kep",1413,1,F,13/04/1969,04/06/2009,
498,"S.T, Yoga Situmorang",1434,2,M,13/08/1998,15/10/2025,
499,"Ratna Nasution, S.Keb",1414,1,F,21/12/1993,19/07/2017,
500,"Eko Suryanto",1432,2,M,03/04/1972,28/01/1992,
501,"Oki Utomo",1429,2,M,01/01/1991,20/05/2022,
502,"M.Kes, Gilang Sari",1415,1,M,04/06/1995,31/01/2022,
503,"Ani Wijaya, S.Ak",1428,2,F,24/09/1993,13/06/2013,28/08/2015
504,"Rahmat Tampubolon, S.Tr.Rad",1417,1,M,19/07/1988,28/03/2020,
505,"Indra Rahman",1428,2,M,25/10/1969,23/04/1989,
506,"Kurniawan Hakim, A.Md.Kes",1415,1,M,31/01/1988,16/11/2018,
507,"Prasetyo Wibowo, dr. Sp.A",1412,1,M,02/05/2003,10/12/2025,
508,"M.Keb, Mega Raharjo",1414,1,F,18/09/1976,26/11/2008,12/11/2023
509,"Mahendra Tampubolon",1432,2,M,26/01/1996,02/03/2019,
510,"Elia Sari",1414,1,F,01/05/1992,12/01/2015,
511,"M.Ked, Agus Sugiarto",1411,1,M,26/11/2001,01/03/2024,24/02/2025
512,"A.Md.Keb, Mega Santoso",1414,1,F,23/10/1972,30/03/2004,
513,"Lestari Malik, Sp.Kep",1413,1,F,11/01/1997,23/08/2018,29/06/2022
514,"M.Gz, Kartika Rahman",1421,1,F,04/01/1997,01/07/2019,
515,"Tri Priyanto, Sp.Farm",1419,1,F,11/11/2002,16/04/2020,
516,"Slamet Purwanto, M.Adm.Kes",1423,2,M,26/07/1979,09/07/1998,
517,"M.Ft, Diana Raharjo",1420,1,F,01/12/1993,01/08/2014,13/12/2024
518,"Vera Hermawan, Dr.",1413,1,F,05/10/2002,15/05/2023,
519,"Nugroho Purwanto",1429,2,M,01/10/1991,02/08/2021,
520,"Nugroho Nugroho, S.Sos",1427,2,M,02/03/1975,06/06/2003,
521,"Hadi Prasetyo, MARS",1423,2,M,04/03/1990,21/09/2017,
522,"Joko Susanto",1427,2,M,08/04/1985,15/01/2009,
523,"Wati Suprapto, S.Si",1418,1,F,13/01/1975,10/04/2008,
524,"Bella Putra",1427,2,F,03/07/1986,13/01/2024,
525,"Mega Siregar",1415,1,F,02/06/2003,15/04/2021,
526,"Agus Tampubolon",1411,1,M,18/11/1992,07/05/2013,
527,"Hesti Sinaga, Apt.",1419,1,F,25/04/1976,18/03/2011,
528,"Puspita Wibowo",1434,2,F,01/12/1999,28/07/2025,
529,"Diana Prabowo",1416,1,F,08/03/2000,03/06/2024,
530,"Pharm.D, Mega Simanjuntak",1419,1,F,11/12/1971,04/04/2005,
531,"S.Gz, Fitri Setiawan",1421,1,F,27/04/1991,30/05/2024,
532,"MARS, Citra Sitompul",1424,2,F,13/02/1974,19/08/2000,
533,"Vera Priyanto",1420,1,F,05/12/1985,01/04/2024,
534,"Ratna Wijayanto",1430,2,F,25/11/1975,01/07/2000,
535,"Ners, Yanti Kurniawan",1413,1,F,03/05/1997,27/09/2019,
536,"Sp.Kep, Taufik Putra",1413,1,M,08/06/1969,12/04/1994,
537,"S.Ft, Zainal Pratama",1420,1,M,14/11/1984,30/09/2024,
538,"Agus Saputra",1430,2,M,29/01/1972,12/09/1997,29/06/2001
539,"Endah Wibowo",1429,2,F,27/12/2000,28/08/2025,
540,"S.Kes, Endah Utomo",1415,1,F,21/06/1974,15/03/2004,
541,"Dwi Rahman, M.Ked",1411,1,M,28/09/1978,07/02/2013,
542,"M.Ked, Firmansyah Hermawan",1411,1,M,20/02/2003,24/02/2021,
543,"SST, Galih Tampubolon",1417,1,M,26/05/2002,10/09/2022,12/12/2024
544,"dr. Sp.Rad, Yoga Maulana",1412,1,M,17/01/1989,11/12/2008,
545,"Elia Setiadi, A.Md",1427,2,F,21/02/1968,03/03/1999,25/07/2005
546,"Indra Manurung, S.E",1423,2,M,20/02/2002,10/12/2022,
547,"Cahyo Permana, Dra.",1423,2,M,30/05/1975,26/11/2000,14/07/2002
548,"Irfan Hutabarat",1429,2,M,14/12/2001,28/09/2025,
549,"Ika Situmorang",1423,2,F,27/07/1978,04/09/2007,
550,"Firmansyah Saputra, dr. Sp.Rad",1412,1,M,19/07/1984,05/03/2013,
551,"Dr., Fani Siahaan",1413,1,F,17/06/1997,25/06/2020,
552,"Bambang Hutabarat",1418,1,M,27/11/1998,11/04/2019,
553,"Lestari Siahaan, S.Kes",1424,2,F,21/12/1971,19/06/2006,
554,"Ratna Susanto, dr.",1411,1,F,30/01/1984,15/01/2016,
555,"Widya Pasaribu, M.Keb",1414,1,F,11/07/1988,26/06/2010,
556,"dr. Sp.OG, Sri Tampubolon",1412,1,F,15/11/1997,19/07/2021,23/09/2022
557,"Pharm.D, Ani Panjaitan",1419,1,F,07/09/1992,26/07/2020,
558,"A.Md.Kep, Nugroho Purwanto",1413,1,M,19/07/1970,17/07/2004,30/10/2008
559,"MARS, Citra Simanjuntak",1423,2,F,24/02/1979,07/05/2019,
560,"S.Kep, Intan Prasetyo",1413,1,F,20/09/1988,07/01/2007,
561,"Endah Wijayanto",1430,2,F,11/08/1983,24/06/2023,
562,"SST, Ani Tampubolon",1414,1,F,14/04/1996,21/06/2015,
563,"Bayu Simanjuntak, M.Biomed",1418,1,M,11/07/1992,08/10/2018,26/10/2024
564,"Bayu Permana, Dr.",1413,1,M,13/01/1982,29/08/2011,
565,"Eko Nasution",1433,2,M,26/04/1994,01/03/2013,
566,"Maya Firmansyah, A.Md.Kes",1415,1,F,25/12/1990,21/08/2012,30/12/2024
567,"A.Md.ELM, Maya Santoso",1416,1,F,17/02/1992,06/10/2019,
568,"Sinta Hutabarat, S.Keb",1414,1,F,07/03/1991,01/10/2014,
569,"S.Kes, Mira Nasution",1415,1,F,04/07/1994,29/02/2024,
570,"S.Kep, Wati Wijayanto",1413,1,F,03/03/1978,18/04/2009,
571,"Bella Nasution, Ners",1413,1,F,25/09/1991,15/11/2018,
572,"Mira Pratama, Sp.Kep",1413,1,F,26/01/2002,24/06/2025,
573,"M.T, Vina Simbolon",1425,2,F,05/09/1965,11/03/1993,
574,"Agus Hutabarat",1429,2,M,09/11/1985,28/06/2012,
575,"Lestari Pasaribu, A.Md.AK",1418,1,F,17/12/1967,03/07/1994,
576,"Slamet Hermawan",1426,2,M,06/08/1984,18/04/2023,
577,"M.Kom, Sinta Pasaribu",1425,2,F,17/12/1976,09/11/2000,
578,"Ners, Sinta Rahman",1413,1,F,01/04/2000,19/11/2020,
579,"Dedi Setiawan",1435,2,M,07/08/1996,11/06/2024,
580,"Ani Utomo",1430,2,F,08/02/1989,24/06/2016,
581,"S.Kep, Nadia Hakim",1413,1,F,08/05/1967,12/04/1995,
582,"MARS, Hendra Santoso",1424,2,M,06/01/1996,10/01/2020,
583,"Ners, Widya Saputra",1413,1,F,12/08/2003,02/07/2023,
584,"Haris Priyanto",1420,1,M,03/08/1982,01/04/2011,
585,"A.Md.Kep, Gilang Maulana",1413,1,M,08/09/1996,02/11/2022,13/04/2024
586,"Kartika Suryanto, A.Md",1427,2,F,30/08/2000,06/01/2021,
587,"Nur Priyanto, M.Kep",1413,1,F,18/12/1991,20/01/2020,
588,"Endah Prabowo",1414,1,F,23/02/1982,07/12/2012,
589,"Gunawan Pasaribu, S.Kep",1413,1,M,04/10/1995,11/08/2023,
590,"Eko Hutabarat, A.Md",1427,2,M,12/12/1980,31/10/2008,20/10/2021
591,"dr. Sp.PD, Vina Wibowo",1412,1,F,14/11/1992,18/07/2025,
592,"Dimas Sari",1432,2,M,14/12/1990,24/03/2025,
593,"Ayu Firmansyah",1427,2,F,08/05/1966,12/11/1988,
594,"Mega Wijayanto, Ners",1413,1,F,24/12/1987,18/02/2011,
595,"Dr., Diah Hutapea",1413,1,F,17/07/1966,26/12/2001,
596,"Dr., Hadi Firmansyah",1411,1,M,26/07/1984,04/10/2006,
597,"Sp.Kep, Nadia Sinaga",1413,1,F,02/11/1979,28/03/2003,
598,"Wulan Situmorang",1430,2,F,27/09/2000,19/09/2022,
599,"Ratna Budiman, M.Kep",1413,1,F,14/05/1999,14/04/2017,
600,"M.Ft, Nadia Simbolon",1420,1,F,10/08/1966,25/12/1991,24/01/1998
601,"Bayu Prabowo",1430,2,M,22/03/1976,17/03/2014,
602,"Ners, Farhan Wibowo",1413,1,M,28/08/1972,25/08/2007,
603,"Elia Simbolon",1417,1,F,19/06/1993,18/12/2023,
604,"Lina Hutapea",1426,2,F,10/08/1970,26/02/2006,
605,"M.Kep, Wahyu Purwanto",1413,1,M,28/09/1971,01/06/1998,
606,"S.Kep, Wati Raharjo",1413,1,F,17/03/1987,24/11/2014,
607,"Sri Raharjo, S.E",1428,2,F,09/10/1985,13/12/2008,
608,"Lukas Budiman",1429,2,M,09/06/1965,02/06/1990,
609,"Bella Siregar, dr. Sp.B",1412,1,F,22/06/1998,22/03/2018,
610,"Sari Wijayanto",1414,1,F,04/02/1965,25/03/1985,
611,"Taufik Wijaya, S.Tr.Kom",1425,2,M,20/08/1983,05/07/2019,
612,"Nur Kurniawan, Dr.",1413,1,F,04/05/1975,05/04/2005,
613,"Teguh Hermawan",1413,1,M,14/07/1973,23/08/2001,
614,"dr. Sp.RM, Nur Hermawan",1412,1,F,23/12/1981,19/02/2008,
615,"drg. Sp.Pros, Bambang Sinaga",1412,1,M,27/04/1989,26/12/2011,
616,"Taufik Hermawan",1423,2,M,19/05/1974,20/06/1998,
617,"Zulkifli Tampubolon, S.Tr.Kes",1418,1,M,14/05/1985,20/04/2003,
618,"Usman Rahman",1430,2,M,15/05/1995,28/02/2015,
619,"Dimas Hutabarat",1422,1,M,17/02/1983,13/07/2021,
620,"Mega Sari, Ners",1413,1,F,11/08/1988,06/01/2021,
621,"Indah Widodo, S.Kep",1413,1,F,01/04/1994,06/01/2022,
622,"Yuliana Maulana, dr. Sp.M",1412,1,F,27/02/1997,13/06/2019,
623,"Ratna Firmansyah, Ners",1413,1,F,17/12/1975,20/06/1993,
624,"Citra Hartono",1434,2,F,20/05/1969,28/11/1990,
625,"Farhan Panjaitan",1426,2,M,19/08/1992,10/01/2019,22/02/2021
626,"Mira Setiadi",1432,2,F,18/02/1965,19/12/1984,
627,"S.Adm.Kes, Yanti Prabowo",1423,2,F,29/11/2002,20/06/2021,
628,"Ika Situmorang, M.Ak",1428,2,F,02/07/1982,30/08/2003,
629,"Hadi Saputra, dr. Sp.PK",1412,1,M,01/07/1965,29/12/1988,18/01/2008
630,"M.Ft, Vera Budiman",1420,1,F,14/08/2001,19/09/2022,
631,"Zara Kurniawan, Dr.",1413,1,F,16/02/1968,01/10/1988,
632,"Retno Hidayat",1413,1,F,10/03/2001,03/05/2024,
633,"Yuliana Prasetyo, M.Kep",1413,1,F,14/05/1965,20/10/1994,
634,"Yanto Widodo",1427,2,M,12/06/1988,21/08/2013,
635,"Ahmad Simanjuntak",1429,2,M,23/05/1997,18/06/2025,
636,"Sri Simanjuntak",1427,2,F,23/03/1978,24/01/2016,
637,"Rina Wijaya",1413,1,F,15/01/1997,12/11/2023,
638,"Silvi Lubis, Ners",1413,1,F,30/04/1985,17/04/2023,
639,"Agus Raharjo",1432,2,M,02/11/1972,23/10/1998,
640,"Farhan Tampubolon, CA",1428,2,M,10/12/1980,25/09/2013,16/01/2018
641,"Jaya Siahaan, S.E",1427,2,M,22/12/1967,29/10/1990,
642,"Mira Nugroho",1419,1,F,06/02/1966,21/11/1994,
643,"Sp.Kep, Puspita Purwanto",1413,1,F,07/05/1978,04/12/2018,
644,"Kurniawan Hakim, M.Ked",1411,1,M,26/03/1976,14/09/2005,
645,"Fajar Hutabarat",1413,1,M,31/05/2001,10/06/2024,
646,"Ners, Fani Sari",1413,1,F,27/08/1968,10/02/2005,04/09/2006
647,"Vera Priyanto, Ak.",1428,2,F,26/02/1975,06/09/2005,
648,"Diana Maulana, S.Ft",1420,1,F,15/02/1971,22/04/1995,
649,"dr. Sp.KJ, Gilang Hartono",1412,1,M,17/07/1996,26/02/2023,
650,"S.Gz, Nur Prabowo",1421,1,F,11/10/1996,31/10/2015,
651,"A.Md.Kes, Joko Hartono",1415,1,M,30/04/1966,23/06/2005,01/07/2023
652,"Indra Sari, S.E",1423,2,M,09/01/1966,12/02/1995,
653,"Ika Wijaya",1413,1,F,29/02/1988,04/06/2013,
654,"Nanang Hidayat",1419,1,M,25/06/1973,02/07/2005,
655,"Sp.Kep, Mira Purwanto",1413,1,F,17/05/1986,04/09/2017,
656,"Susilo Wibowo, S.E",1423,2,M,21/08/1985,14/03/2013,
657,"Rudi Nugroho, Dr.",1411,1,M,15/05/1972,09/04/1997,
658,"Widya Simanjuntak, Dr.",1413,1,F,13/10/1973,09/12/2002,
659,"M.Adm.Kes, Citra Setiadi",1423,2,F,11/02/1985,30/11/2021,
660,"Dewi Suprapto, MARS",1424,2,F,11/02/1994,20/02/2012,
661,"Ningsih Susanto",1413,1,F,16/09/1968,25/08/1994,
662,"Endah Firmansyah, S.Kep",1413,1,F,24/09/1968,23/05/1991,
663,"Taufik Suryanto",1425,2,M,05/06/2002,26/12/2023,
664,"Indra Simanjuntak, S.Tr.Rad",1417,1,M,09/08/1998,06/03/2019,
665,"Puspita Raharjo, S.Adm",1427,2,F,15/04/1976,15/03/1996,
666,"Dr., Tuti Sari",1413,1,F,02/02/2000,22/08/2024,
667,"Bayu Sari",1429,2,M,02/09/1978,19/08/2007,
668,"Candra Nugroho",1413,1,M,25/01/1968,30/08/1994,
669,"S.Tr.ELM, Farhan Hutapea",1416,1,M,16/03/1965,17/05/2004,
670,"Yuliana Nasution",1430,2,F,31/03/1966,04/12/1989,
671,"Sari Hidayat",1413,1,F,17/08/1994,26/02/2018,
672,"Wati Hartono",1419,1,F,18/07/2001,19/09/2020,
673,"S.Sos, Hesti Setiadi",1427,2,F,09/02/1979,08/01/1998,21/02/2011
674,"Ners, Vera Sugiarto",1413,1,F,25/07/1984,14/07/2017,
675,"Nadia Susanto, A.Md.Kep",1413,1,F,18/07/2002,09/09/2022,
676,"A.Md.Keb, Maya Priyanto",1414,1,F,06/09/1997,05/08/2024,
677,"S.Kom, Tri Putra",1425,2,F,02/03/1985,05/12/2013,26/08/2024
678,"A.Md.Kep, Tuti Nugroho",1413,1,F,25/11/1994,13/05/2025,
679,"Diana Simbolon, A.Md.Kep",1413,1,F,13/10/2000,26/11/2024,
680,"M.Farm, Ningsih Sugiarto",1419,1,F,20/10/1967,05/01/1998,
681,"Novita Sinaga",1423,2,F,11/03/1992,13/12/2016,
682,"A.Md, Kartika Firmansyah",1427,2,F,16/10/1970,17/05/1994,
683,"Widya Simbolon, Dra.",1423,2,F,17/12/1978,05/02/2003,
684,"Fani Kusuma",1430,2,F,05/11/1981,12/08/2012,
685,"Fitri Wibowo, Drs.",1423,2,F,07/07/1996,24/12/2018,
686,"Cahyo Panjaitan, A.Md",1427,2,M,14/11/1974,18/02/1998,
687,"Dimas Nasution, S.Ak",1428,2,M,16/12/1987,08/06/2017,
688,"A.Md.Kom, Taufik Siahaan",1425,2,M,15/05/1981,05/01/2015,
689,"Bayu Situmorang",1429,2,M,13/01/1996,11/04/2019,
690,"S.KM, Galih Sitompul",1435,2,M,05/09/1976,19/10/2005,
691,"Budi Wibowo, S.Adm.Kes",1423,2,M,16/11/1967,09/07/1996,25/12/2013
692,"MD, Fani Siregar",1411,1,F,13/10/1976,16/12/1996,
693,"Vina Sinaga, Bd.",1414,1,F,26/08/1966,26/06/1985,
694,"Vera Setiadi, A.Md.Kep",1413,1,F,01/11/1971,29/04/1992,
695,"Sari Tampubolon",1419,1,F,29/10/1970,03/02/1996,22/10/1998
696,"Retno Sari, S.T",1425,2,F,25/05/1979,31/08/2005,
697,"A.Md.Kes, Nanang Siregar",1415,1,M,03/09/1969,19/03/1994,
698,"Yuni Hartono, Ners",1413,1,F,27/03/1972,31/07/1990,
699,"Linda Permana",1417,1,F,07/10/1986,26/11/2020,
700,"S.KM, Ani Tampubolon",1426,2,F,03/04/1996,21/11/2023,
701,"Sp.Kep, Indra Nugroho",1413,1,M,25/05/1968,05/07/1996,
702,"S.Adm, Endah Gunawan",1427,2,F,22/03/1987,07/06/2007,18/11/2010
703,"Teguh Prabowo, Ir.",1423,2,M,22/03/1982,24/01/2020,
704,"M.Kes, Retno Prabowo",1415,1,F,03/06/1983,09/09/2020,
705,"Ners, Iwan Sinaga",1413,1,M,20/01/1999,26/01/2017,03/08/2018
706,"Slamet Wijayanto, drg. Sp.KGA",1412,1,M,17/03/1966,12/12/1985,
707,"Agus Gunawan",1435,2,M,22/12/1978,11/01/2014,14/10/2021
708,"Lina Permana, S.E",1427,2,F,18/08/1997,18/01/2024,27/05/2025
709,"Novita Hakim",1429,2,F,14/01/1968,30/05/2000,03/07/2019
710,"Yuliana Raharjo, S.Kom",1425,2,F,12/12/2000,07/11/2018,
711,"A.Md.Kom, Firmansyah Suprapto",1425,2,M,02/09/1965,01/11/1994,
712,"A.Md.Kep, Elia Sinaga",1413,1,F,29/06/1977,05/08/1999,
713,"M.Kep, Yuni Hermawan",1413,1,F,20/04/1982,31/10/2021,
714,"S.Ft, Nadia Wijayanto",1420,1,F,05/01/1988,23/11/2025,
715,"Ratna Firmansyah",1415,1,F,28/11/1996,09/05/2014,
716,"A.Md, Elia Budiman",1427,2,F,21/10/1972,31/05/2001,
717,"Rudi Siregar, S.Sos",1427,2,M,05/09/2000,28/01/2020,
718,"Intan Kurniawan",1413,1,F,31/10/1981,06/11/2009,
719,"M.Kes, Budi Tampubolon",1415,1,M,19/01/1969,08/11/2004,
720,"Ade Maulana",1430,2,M,15/10/1994,21/06/2016,
721,"Sp.Kep, Nur Susanto",1413,1,F,31/01/1965,04/04/2001,
722,"A.Md.Kep, Kartika Maulana",1413,1,F,20/11/1986,21/03/2017,
723,"Wati Putra, M.Kep",1413,1,F,08/03/1992,07/06/2011,
724,"Zara Simbolon, Sp.Kep",1413,1,F,05/01/1978,05/05/2007,
725,"Citra Pratama, Dr.",1413,1,F,22/10/1991,21/07/2018,
726,"S.K3, Ade Lubis",1435,2,M,04/06/1975,27/09/2006,
727,"A.Md, Joko Kurniawan",1427,2,M,12/12/1979,04/08/1998,
728,"S.Keb, Vina Firmansyah",1414,1,F,03/09/1966,21/08/1993,23/04/1995
729,"Teguh Maulana, dr. Sp.P",1412,1,M,01/11/1998,27/05/2018,
730,"Apt., Joko Prabowo",1419,1,M,18/03/1988,10/12/2009,
731,"S.Tr.Kes, Nur Kurniawan",1431,2,F,25/07/1971,20/08/1999,
732,"Putri Putra, Dr.",1413,1,F,06/07/1981,26/01/2010,
733,"Widya Pasaribu",1430,2,F,16/12/1973,26/11/1999,
734,"A.Md.AK, Bayu Budiman",1418,1,M,11/04/1982,15/06/2011,
735,"Sari Widodo",1413,1,F,06/08/1995,18/09/2024,
736,"Yuni Siahaan, dr. Sp.U",1412,1,F,09/03/1985,26/11/2004,14/03/2022
737,"Sri Hermawan, Sp.Kep",1413,1,F,12/06/1995,05/04/2025,
738,"S.Kep, Rini Rahman",1413,1,F,27/05/1969,09/10/1995,
739,"S.Ft, Yanti Simanjuntak",1420,1,F,12/10/1994,09/05/2016,
740,"M.Keb, Zainal Setiadi",1414,1,M,25/12/1982,23/02/2020,
741,"Jaya Manurung, M.Kom",1425,2,M,31/12/1995,30/12/2019,
742,"S.Tr.Kes, Bambang Simanjuntak",1418,1,M,08/03/1980,12/04/2017,
743,"M.Kep, Elia Siregar",1413,1,F,04/12/1981,17/03/2002,
744,"Putri Siregar, M.Ked",1411,1,F,17/10/1998,20/12/2025,
745,"S.Tr.Rad, Widya Priyanto",1417,1,F,26/02/1987,07/04/2016,
746,"Indra Sugiarto",1430,2,M,14/10/1971,03/08/2005,
747,"Budi Tampubolon",1416,1,M,17/02/1992,31/05/2011,
748,"Diah Saputra, S.KM",1424,2,F,11/03/1989,11/08/2018,25/05/2025
749,"M.Kep, Firmansyah Simbolon",1413,1,M,25/05/1991,29/07/2017,17/06/2019
750,"Vina Maulana, Sp.Kep",1413,1,F,21/09/1984,08/09/2008,28/02/2023
751,"Rahmat Wibowo",1429,2,M,05/04/1978,31/08/2003,29/10/2004
752,"S.Adm.Kes, Yuliana Suprapto",1423,2,F,27/12/2000,03/08/2025,
753,"SST, Zainal Firmansyah",1417,1,M,14/01/1980,04/07/2019,
754,"Firmansyah Firmansyah",1427,2,M,28/04/1980,11/08/2001,
755,"Dimas Nugroho, dr. Sp.THT",1412,1,M,07/11/1983,29/09/2006,
756,"Nanang Hidayat, Bd.",1414,1,M,31/07/1985,08/05/2015,25/04/2022
757,"S.Ak, Candra Pratama",1428,2,M,16/04/1986,01/02/2015,
758,"Dimas Panjaitan, A.Md.Kep",1413,1,M,13/10/1966,08/11/1984,
759,"Intan Setiadi, Bd.",1414,1,F,10/10/1972,20/10/2005,
760,"Diah Setiadi, S.Kep",1413,1,F,17/08/1969,20/07/1988,
761,"Made Susanto",1429,2,M,06/12/1967,09/10/1985,
762,"Kartika Hutabarat, A.Md.Kes",1431,2,F,30/01/1988,16/12/2009,
763,"Fani Prasetyo, A.Md.Kep",1413,1,F,08/06/1988,02/10/2023,
764,"Ners, Yuliana Sinaga",1413,1,F,02/04/1999,07/11/2018,
765,"Galih Siahaan, S.Adm.Kes",1423,2,M,28/11/1981,31/07/2008,
766,"Dr., Yanti Simanjuntak",1413,1,F,23/08/1968,16/12/1988,
767,"Rina Saputra",1414,1,F,22/08/1993,03/01/2024,
768,"Ratna Widodo, MARS",1424,2,F,04/08/1970,25/05/1997,
769,"A.Md.Kep, Nadia Santoso",1413,1,F,04/01/1967,05/04/1996,
770,"Susilo Maulana",1427,2,M,24/11/1992,19/07/2011,01/08/2015
771,"Usman Malik, MARS",1424,2,M,24/11/1978,09/11/2009,
772,"Diana Suprapto, A.Md.Keb",1414,1,F,07/06/1977,14/05/2001,
773,"S.Gz, Hesti Pasaribu",1421,1,F,12/06/1967,15/03/1999,
774,"Yanto Wijayanto, S.Ked",1411,1,M,13/03/1986,31/08/2007,
775,"Yuliana Wibowo, S.KM",1424,2,F,28/07/1998,05/03/2022,
776,"Made Siregar, MBBS",1411,1,M,21/06/1971,08/02/2011,
777,"Tri Hutapea",1432,2,F,24/10/1991,29/07/2012,
778,"Nanang Malik, MD",1411,1,M,19/01/1970,12/12/2008,
779,"A.Md.Kep, Diah Sari",1413,1,F,01/07/1968,08/08/1986,
780,"Sp.Kep, Rina Hidayat",1413,1,F,12/09/1966,10/01/1997,
781,"Teguh Pratama",1432,2,M,19/12/1978,24/08/1999,
782,"Silvi Hermawan",1433,2,F,21/07/1978,08/07/2018,
783,"S.T, Irfan Setiadi",1416,1,M,05/01/1990,08/06/2018,
784,"Ani Sari, dr. Sp.A",1412,1,F,04/08/1982,14/02/2005,
785,"A.Md.Kes, Ningsih Tampubolon",1415,1,F,20/09/1982,07/12/2015,
786,"Bd., Diah Simbolon",1414,1,F,27/11/1983,31/05/2004,
787,"Indah Santoso",1433,2,F,05/04/1987,29/02/2008,
788,"Kurniawan Saputra",1427,2,M,06/10/2000,14/10/2020,
789,"Cahyo Maulana, S.E",1427,2,M,14/01/1985,06/02/2008,
790,"Sp.Farm, Retno Hutabarat",1419,1,F,13/09/1972,26/03/2005,12/12/2024
791,"Tri Firmansyah, A.Md.Keb",1414,1,F,03/09/1974,23/11/1995,
792,"Ners, Sinta Setiadi",1413,1,F,07/09/1980,17/04/2016,
793,"Zainal Widodo, dr. Sp.THT",1412,1,M,12/09/1992,02/03/2011,
794,"Slamet Hermawan, SST",1414,1,M,22/10/1972,06/03/2007,
795,"Taufik Nugroho, A.Md.ELM",1416,1,M,15/04/1967,23/02/1991,
796,"Haris Situmorang, S.Farm",1419,1,M,25/04/1971,03/07/1992,
797,"Lukman Setiawan, S.Ft",1420,1,M,04/09/1987,30/09/2007,
798,"Putri Situmorang, S.KM",1426,2,F,23/12/1969,08/05/2008,
799,"Silvi Siregar, M.Biomed",1418,1,F,22/07/1999,17/08/2022,
800,"S.E, Nanang Sinaga",1427,2,M,05/12/1971,03/08/1992,
801,"S.Tr.Rad, Diana Hakim",1417,1,F,08/02/1974,02/01/2005,
802,"Hendra Hutapea",1434,2,M,11/05/1977,18/01/2007,
803,"Sari Rahman, Sp.Kep",1413,1,F,27/12/1991,04/05/2014,23/09/2023
804,"Agus Budiman, S.Adm",1427,2,M,19/10/1970,29/05/2010,
805,"Dr., Yuliana Raharjo",1413,1,F,15/10/1965,01/02/1988,
806,"Dr., Dedi Hutabarat",1413,1,M,13/10/1982,13/08/2005,
807,"S.Ked, Bambang Purwanto",1411,1,M,14/05/1968,29/11/1988,
808,"Hesti Hutapea",1413,1,F,21/07/1982,04/08/2013,
809,"Sp.Kep, Bella Priyanto",1413,1,F,25/01/1965,27/07/2000,
810,"Fajar Panjaitan, M.KM",1426,2,M,21/07/1987,31/01/2016,
811,"SST, Sinta Nasution",1417,1,F,02/11/2001,17/04/2023,
812,"Rahmat Siahaan",1430,2,M,20/03/1973,27/08/2006,30/04/2016
813,"Mira Purwanto",1428,2,F,04/05/1998,11/04/2018,
814,"Yuni Hakim, Ners",1413,1,F,12/12/1975,28/05/2013,15/02/2020
815,"S.Kep, Ningsih Sinaga",1413,1,F,17/10/1994,04/06/2014,
816,"Ners, Ningsih Santoso",1413,1,F,11/08/1988,02/12/2025,
817,"M.M, Galih Utomo",1427,2,M,04/04/1972,19/06/2000,14/03/2006
818,"S.Kep, Lukman Sugiarto",1413,1,M,22/01/2002,06/02/2025,
819,"M.Biomed, Gunawan Santoso",1418,1,M,05/11/1993,02/03/2023,
820,"Ika Pasaribu",1430,2,F,30/05/2003,26/03/2022,
821,"Yuliana Panjaitan, M.Kep",1413,1,F,27/04/1981,07/01/2000,
822,"Joko Hutabarat",1430,2,M,17/06/1982,24/01/2012,
823,"S.Ked, Bayu Permana",1411,1,M,05/07/1991,04/03/2025,
824,"S.T, Hadi Nasution",1416,1,M,26/01/2001,07/01/2022,
825,"Gunawan Kusuma, S.T",1434,2,M,28/11/1999,21/11/2022,
826,"Agus Sitompul",1426,2,M,27/01/1991,29/07/2023,
827,"Zahra Wijayanto, RD",1421,1,F,10/09/1990,27/12/2022,
828,"Farhan Santoso, MBBS",1411,1,M,31/10/2002,06/10/2021,
829,"Haris Pratama, S.E",1423,2,M,02/03/1999,09/12/2022,26/04/2024
830,"Ners, Intan Prabowo",1413,1,F,06/12/1991,10/09/2023,21/06/2025
831,"dr. Sp.M, Firmansyah Nugroho",1412,1,M,13/02/1988,03/02/2011,
832,"Zainal Tampubolon, Sp.Kep",1413,1,M,18/07/1994,11/10/2020,
833,"Rahmat Manurung",1429,2,M,19/12/1973,12/05/2002,
834,"Tri Setiawan, MD",1411,1,F,30/01/2000,19/08/2019,
835,"Linda Prasetyo",1430,2,F,29/10/1968,20/10/2002,
836,"S.Ft, Susilo Gunawan",1420,1,M,26/10/1992,10/01/2013,
837,"Farhan Kusuma, S.Tr.Kes",1422,1,M,27/10/2003,23/06/2023,
838,"Yanti Budiman, S.Ked",1411,1,F,18/02/1968,12/03/2006,
839,"Tri Manurung, Ners",1413,1,F,03/05/1998,21/10/2023,
840,"Haris Kusuma, Dr.",1411,1,M,05/07/1999,26/03/2018,
841,"A.Md.Kom, Farhan Priyanto",1425,2,M,15/10/1966,08/07/1991,
842,"Rudi Wijayanto",1411,1,M,17/11/1993,16/07/2018,
843,"Purwanto Sitompul, A.Md.Kep",1413,1,M,20/07/1971,02/12/2002,
844,"Taufik Suryanto, dr. Sp.JP",1412,1,M,15/10/2002,09/10/2022,16/08/2023
845,"Ningsih Suryanto",1431,2,F,31/08/1987,18/05/2012,
846,"dr. Sp.PK, Prasetyo Siregar",1412,1,M,29/05/1971,02/11/2003,
847,"Yoga Kusuma, dr. Sp.P",1412,1,M,11/04/1967,30/10/1998,13/06/2008
848,"Fitri Simanjuntak, Ners",1413,1,F,19/03/1999,20/02/2025,
849,"A.Md.Keb, Endah Permana",1414,1,F,11/12/1974,06/06/1993,
850,"Eko Hartono",1430,2,M,30/07/1982,13/11/2006,
851,"dr. Sp.PK, Citra Hutabarat",1412,1,F,22/03/1980,02/11/2002,
852,"Rina Susanto, S.Keb",1414,1,F,02/09/1981,03/04/2003,
853,"Endah Permana",1433,2,F,08/03/1978,14/08/2014,
854,"Farhan Wijayanto, M.M",1428,2,M,04/08/1979,19/01/1998,
855,"MBBS, Rina Tampubolon",1411,1,F,04/01/1988,18/04/2017,
856,"Sp.Farm, Dewi Prasetyo",1419,1,F,10/02/1979,17/01/2007,
857,"Ani Nasution, M.M",1427,2,F,27/09/1994,10/02/2018,
858,"Galih Hartono",1411,1,M,06/04/1980,10/08/2008,
859,"S.Kep, Ratna Manurung",1413,1,F,01/06/1967,18/05/2004,
860,"Ade Wijaya, Dr.",1411,1,M,16/09/1987,04/09/2023,
861,"DrPH, Dewi Siahaan",1424,2,F,03/03/1997,16/01/2023,
862,"M.T, Retno Pratama",1423,2,F,23/02/1982,23/06/2014,
863,"Endah Simanjuntak",1427,2,F,15/09/1972,27/12/1996,
864,"Oki Hutapea, S.K3",1435,2,M,31/08/1965,22/08/1995,
865,"S.Adm, Widya Simbolon",1427,2,F,21/11/1989,17/12/2016,
866,"Rini Setiawan, S.Sos",1427,2,F,08/07/1967,15/04/2000,
867,"Tuti Widodo",1432,2,F,30/08/1998,02/12/2024,
868,"S.E, Citra Sugiarto",1428,2,F,05/12/1984,17/07/2021,
869,"Fani Situmorang, Ners",1413,1,F,10/01/1992,23/06/2022,
870,"S.KM, Wulan Malik",1435,2,F,08/04/1992,19/02/2018,
871,"Ika Wijayanto",1415,1,F,10/02/1992,16/02/2024,
872,"Indra Suryanto",1429,2,M,14/01/1983,08/04/2017,
873,"Kusuma Malik",1433,2,M,21/07/1979,18/07/2013,
874,"Zahra Hakim",1426,2,F,09/07/1968,30/01/2000,
875,"Wahyu Gunawan",1430,2,M,01/05/1970,17/06/2003,
876,"S.Keb, Linda Raharjo",1414,1,F,21/10/1999,07/09/2020,
877,"Tiara Hutabarat, M.M",1427,2,F,06/12/1974,17/07/2003,
878,"Dedi Wijayanto",1432,2,M,05/06/1987,07/07/2025,
879,"Nadia Putra, M.Keb",1414,1,F,18/07/1988,14/07/2021,
880,"A.Md.Kep, Dewi Maulana",1413,1,F,08/08/1993,26/11/2015,
881,"Endah Panjaitan, S.Si",1418,1,F,15/01/1990,30/10/2019,
882,"Nur Maulana, A.Md.Kep",1413,1,F,14/01/1970,01/12/1999,
883,"Rini Hakim, S.Farm",1419,1,F,23/07/1975,10/08/1997,
884,"Bayu Hutabarat, Dr.",1411,1,M,25/09/2001,14/01/2023,
885,"Mira Susanto",1430,2,F,25/01/1967,11/05/1989,
886,"Bella Raharjo, dr. Sp.RM",1412,1,F,10/02/1979,26/12/2008,
887,"Nugroho Sinaga, S.Farm",1419,1,M,08/09/1984,28/09/2011,
888,"M.Keb, Retno Panjaitan",1414,1,F,05/07/1990,20/12/2008,
889,"Tri Simanjuntak, S.Tr.Kes",1418,1,F,10/10/1992,10/09/2012,
890,"Kartika Firmansyah, A.Md.Kep",1413,1,F,31/05/1965,17/06/1987,
891,"M.Kep, Kurniawan Wijaya",1413,1,M,19/08/1989,21/05/2014,
892,"S.T, Dedi Sinaga",1425,2,M,30/03/2003,24/04/2025,
893,"Hadi Hakim, dr.",1411,1,M,26/03/1997,09/11/2019,24/05/2025
894,"Eko Manurung, A.Md.Kep",1413,1,M,18/12/1985,18/11/2014,
895,"Wulan Kusuma",1413,1,F,21/11/1994,13/11/2025,
896,"Purwanto Gunawan, A.Md.Kes",1415,1,M,09/08/1972,07/06/2005,
897,"Vera Prabowo",1430,2,F,20/01/1999,13/04/2025,
898,"Fitri Widodo, Dr.",1413,1,F,13/09/1994,25/04/2018,
899,"Yuliana Lubis",1421,1,F,03/02/1986,18/08/2020,
900,"S.Kep, Intan Nasution",1413,1,F,03/10/1992,30/03/2018,
901,"Wulan Putra",1427,2,F,28/05/1986,20/09/2011,
902,"Mega Prasetyo",1430,2,F,23/08/1981,17/06/2013,13/04/2017
903,"Gilang Kurniawan",1429,2,M,06/07/1969,04/04/2009,
904,"Sari Sugiarto",1430,2,F,01/06/1978,04/07/2017,
905,"Widya Tampubolon",1433,2,F,29/12/1982,01/09/2001,
906,"Cahyo Kurniawan",1432,2,M,18/02/1999,23/07/2018,
907,"Dewi Lubis, M.Kep",1413,1,F,07/01/1972,12/11/2007,
908,"Dr., Retno Wijayanto",1413,1,F,24/01/1998,26/11/2016,30/11/2023
909,"Maya Situmorang",1420,1,F,25/01/2000,11/11/2024,
910,"M.Adm.Kes, Farhan Hutapea",1423,2,M,17/09/1967,21/06/2005,06/11/2019
911,"dr., Tri Manurung",1411,1,F,03/03/1989,06/12/2016,
912,"dr. Sp.U, Fajar Budiman",1412,1,M,24/02/1970,11/07/1993,
913,"Yuni Widodo, Dr.",1413,1,F,23/12/1979,16/10/2003,17/08/2009
914,"S.Keb, Mira Simanjuntak",1414,1,F,19/04/1989,14/02/2010,
915,"Kartika Siregar, S.Tr.Kes",1431,2,F,07/04/1974,20/10/2012,20/03/2017
916,"A.Md.Kes, Tiara Suprapto",1415,1,F,15/01/1978,08/04/2006,17/12/2014
917,"Tuti Rahman",1430,2,F,02/08/2000,27/03/2024,
918,"Galih Suryanto, S.Tr.ELM",1416,1,M,15/12/1982,24/04/2012,
919,"dr. Sp.BP, Yuni Hutapea",1412,1,F,06/11/1991,26/09/2009,
920,"M.Gz, Ani Hartono",1421,1,F,06/10/1972,17/12/1993,
921,"Indra Hutapea",1430,2,M,09/06/1996,24/08/2023,
922,"Widya Simbolon",1415,1,F,14/11/1975,28/09/2007,22/09/2009
923,"Sinta Hutabarat, CA",1428,2,F,13/10/1986,17/05/2021,
924,"A.Md.Kep, Rina Hutabarat",1413,1,F,31/10/2002,03/07/2021,
925,"Endah Widodo, S.Tr.Kes",1418,1,F,25/12/1999,26/02/2021,
926,"M.Gz, Tri Prasetyo",1421,1,F,29/08/1978,19/07/2001,
927,"Zulkifli Setiadi",1414,1,M,12/07/1975,31/12/2011,
928,"Eko Hutapea, Dr.",1413,1,M,29/10/2002,18/06/2023,
929,"S.T, Vina Setiadi",1425,2,F,05/10/1976,21/09/1999,
930,"Ners, Lukas Wibowo",1413,1,M,06/07/2002,02/09/2023,
931,"M.Kep, Lukas Prasetyo",1413,1,M,09/06/1973,14/10/2012,
932,"Yuni Prabowo, dr.",1411,1,F,11/03/1976,12/06/2008,
933,"S.Tr.Kes, Widya Putra",1431,2,F,29/01/1988,27/03/2025,
934,"M.Kep, Yoga Priyanto",1413,1,M,19/10/1997,29/11/2023,27/07/2024
935,"S.Gz, Vina Pratama",1421,1,F,07/06/1994,17/02/2017,
936,"Ners, Indah Suryanto",1413,1,F,10/05/1985,30/12/2014,
937,"Wawan Susanto, A.Md.Kep",1413,1,M,04/09/1989,27/10/2022,13/04/2023
938,"Ahmad Hartono, A.Md.ELM",1416,1,M,06/11/1984,24/09/2006,
939,"S.E, Lukas Suprapto",1427,2,M,11/05/1972,05/11/1999,
940,"Tri Firmansyah, dr. Sp.P",1412,1,F,17/03/1972,03/03/2006,
941,"S.Sos, Yoga Setiadi",1427,2,M,12/10/1971,12/04/1990,
942,"A.Md.ELM, Teguh Hermawan",1416,1,M,29/10/2001,03/01/2020,
943,"Vera Raharjo, M.Keb",1414,1,F,22/07/1990,24/04/2013,
944,"Yuliana Siahaan",1413,1,F,01/05/1981,10/06/2017,
945,"Maya Setiawan",1427,2,F,04/07/1974,09/04/2002,
946,"Joko Permana",1429,2,M,15/03/1970,27/06/2005,
947,"Dr., Wati Kusuma",1413,1,F,11/04/1972,12/08/2006,
948,"dr. Sp.PA, Sari Budiman",1412,1,F,07/10/1973,27/02/1995,
949,"Hesti Sinaga, Ners",1413,1,F,16/04/1972,27/11/2003,02/11/2022
950,"Dedi Saputra",1429,2,M,20/11/1989,24/05/2018,
951,"Rudi Hakim, M.M",1427,2,M,21/08/1991,10/03/2014,
952,"Cahyo Setiawan, SST",1417,1,M,01/09/2003,26/01/2021,
953,"A.Md.ELM, Ika Sitompul",1416,1,F,21/09/1972,11/06/2011,
954,"Slamet Wibowo",1429,2,M,10/03/1991,06/03/2020,
955,"Agus Putra",1430,2,M,18/11/1993,01/01/2022,
956,"Sp.Kep, Novita Hutapea",1413,1,F,10/06/1967,11/08/1986,
957,"Ade Kusuma",1430,2,M,13/02/1991,25/10/2022,
958,"S.Ked, Retno Firmansyah",1411,1,F,11/09/1999,20/08/2021,
959,"Indah Simanjuntak, MBBS",1411,1,F,19/01/1973,10/01/1993,14/06/2000
960,"M.Kep, Diah Nasution",1413,1,F,14/03/1979,26/02/2017,
961,"Diah Sinaga",1415,1,F,09/07/1984,15/11/2008,
962,"Bambang Sitompul",1429,2,M,20/11/1990,05/11/2023,
963,"Maya Simbolon, S.Kep",1413,1,F,23/11/2003,07/06/2022,
964,"Mahendra Utomo, S.T",1423,2,M,09/04/1973,05/02/1993,
965,"Citra Prabowo",1413,1,F,12/06/2002,02/07/2025,
966,"Tiara Simbolon, Sp.Kep",1413,1,F,20/05/1982,05/09/2003,06/04/2004
967,"Yoga Pasaribu, Dra.",1423,2,M,19/06/1971,26/09/1993,
968,"Citra Putra",1414,1,F,26/08/1996,17/12/2020,
969,"M.Kep, Novita Hakim",1413,1,F,19/07/1974,12/06/2011,11/10/2018
970,"Silvi Simanjuntak, M.Gz",1421,1,F,18/01/1966,11/12/1995,
971,"MD, Haris Wijayanto",1411,1,M,02/01/2003,08/07/2021,
972,"S.Sos, Indah Pratama",1427,2,F,15/06/1976,21/05/2009,
973,"S.Ked, Dimas Saputra",1411,1,M,22/02/1993,25/10/2020,
974,"Farhan Lubis, A.Md.Kep",1413,1,M,06/07/1999,05/08/2017,
975,"Sinta Manurung, A.Md.Kep",1413,1,F,24/11/1983,28/03/2008,
976,"Fani Susanto, Sp.Farm",1419,1,F,21/12/1970,22/10/1992,
977,"M.Kep, Yuni Kusuma",1413,1,F,24/05/1992,26/06/2025,
978,"Eko Widodo, M.M",1427,2,M,23/08/2001,07/10/2021,
979,"Diana Sugiarto",1414,1,F,26/12/2002,08/07/2024,
980,"dr., Mahendra Prabowo",1411,1,M,07/02/1974,15/01/2008,
981,"Sp.Farm, Dewi Wijayanto",1419,1,F,21/02/1986,18/01/2007,
982,"M.Keb, Wulan Permana",1414,1,F,21/09/1975,26/12/2001,
983,"A.Md.Kom, Vina Nugroho",1425,2,F,25/09/1971,14/01/1991,
984,"Agus Raharjo, M.KM",1426,2,M,30/11/1986,21/04/2006,
985,"A.Md.AK, Susilo Lubis",1418,1,M,19/01/1979,05/05/1997,
986,"Lestari Kusuma, MBA",1423,2,F,27/05/1999,11/07/2021,
987,"S.Kep, Putri Gunawan",1413,1,F,26/03/1998,24/06/2016,
988,"M.Kep, Ratna Prasetyo",1413,1,F,18/09/1995,25/10/2015,
989,"Zara Hutabarat, Dr.",1413,1,F,05/11/1978,16/09/2015,
990,"Zainal Wijayanto",1430,2,M,07/09/1989,25/03/2015,
991,"Mega Hutapea, Dr.",1413,1,F,02/04/1994,05/10/2013,
992,"SST, Nugroho Simanjuntak",1417,1,M,15/09/1982,16/09/2021,
993,"Sri Gunawan",1433,2,F,31/01/1997,08/10/2016,
994,"Diah Sugiarto, M.M",1427,2,F,09/06/1982,02/01/2000,
995,"Vina Prabowo",1430,2,F,20/12/1995,01/10/2023,
996,"Anisa Manurung, S.Ak",1428,2,F,19/05/1980,31/12/2019,
997,"Nanang Priyanto",1411,1,M,24/08/1968,19/08/1997,
998,"Kurniawan Sitompul, S.Kes",1415,1,M,18/05/1996,20/03/2022,
999,"Ners, Tri Siahaan",1413,1,F,26/09/1988,29/08/2022,
1000,"Yuni Hartono, dr. Sp.OG",1412,1,F,09/01/1990,29/07/2012,
1001,"Hesti Tampubolon, S.Ft",1420,1,F,24/07/1991,26/11/2020,20/01/2021
1002,"MD, Dimas Siahaan",1411,1,M,11/08/2003,24/07/2023,
1003,"Maya Rahman, A.Md",1427,2,F,05/11/1972,07/06/2008,
1004,"Kartika Santoso, dr. Sp.KK",1412,1,F,29/03/2002,09/09/2023,
1005,"S.E, Retno Setiawan",1423,2,F,25/09/2003,12/02/2022,
1006,"Vera Wijayanto, S.Kep",1413,1,F,23/02/1976,30/03/2011,
1007,"Kurniawan Rahman, M.M",1427,2,M,01/03/1995,08/08/2016,
1008,"Ani Situmorang",1433,2,F,28/09/2002,14/06/2024,
1009,"M.M, Tri Malik",1427,2,F,21/02/1983,05/04/2002,
1010,"Iwan Prabowo",1411,1,M,22/02/1982,05/08/2007,
1011,"M.Ft, Nanang Prabowo",1420,1,M,01/10/1979,24/07/2016,
1012,"Wawan Siahaan, S.T",1434,2,M,30/11/1982,20/07/2018,
1013,"Indah Sitompul, Sp.Kep",1413,1,F,02/11/1985,27/04/2014,
1014,"S.Tr.Kes, Dewi Nasution",1418,1,F,18/11/1970,23/12/2008,
1015,"Zahra Suryanto, M.Kep",1413,1,F,04/05/1989,16/04/2017,14/06/2023
1016,"Irfan Wijayanto, Dr.",1413,1,M,13/02/1987,12/10/2020,
1017,"Novita Gunawan",1430,2,F,02/10/1977,30/06/2011,
1018,"Teguh Saputra",1422,1,M,05/03/1977,24/12/2005,
1019,"S.Kep, Wulan Purwanto",1413,1,F,26/03/1981,07/11/2006,
1020,"Ners, Vera Hartono",1413,1,F,25/02/1968,03/07/2004,18/11/2008
1021,"dr. Sp.S, Jaya Widodo",1412,1,M,26/06/1976,16/12/1996,
1022,"S.Kep, Putri Panjaitan",1413,1,F,10/08/1971,05/09/2001,
1023,"Gunawan Raharjo, Ners",1413,1,M,28/02/1971,28/06/1989,
1024,"Yuliana Nasution",1413,1,F,02/08/1965,22/02/1991,
1025,"Dr., Vera Wijaya",1413,1,F,14/02/1995,13/11/2014,
1026,"Lukman Sinaga, S.Tr.Kes",1431,2,M,06/08/2002,15/12/2021,
1027,"A.Md, Anisa Permana",1427,2,F,30/08/1995,19/04/2016,
1028,"Fitri Hutapea, M.Ked",1411,1,F,02/12/1980,02/06/2011,
1029,"Zainal Maulana, A.Md.RMIK",1426,2,M,12/11/1996,05/06/2019,
1030,"Sari Purwanto, S.Adm.Kes",1423,2,F,07/08/1991,05/04/2009,
1031,"Hendra Wibowo, M.Kep",1413,1,M,21/02/1990,27/01/2009,
1032,"S.Tr.Kes, Firmansyah Suprapto",1431,2,M,01/05/1986,26/03/2007,
1033,"Zahra Hutabarat",1429,2,F,10/12/1971,28/11/2002,
1034,"Dimas Prasetyo",1430,2,M,13/04/1988,24/08/2025,
1035,"Anisa Hutapea",1430,2,F,11/11/1982,12/08/2003,
1036,"Dr., Widya Putra",1413,1,F,25/01/1989,02/05/2025,
1037,"Nanang Tampubolon, dr.",1411,1,M,07/03/1993,01/04/2019,
1038,"Ratna Hermawan",1432,2,F,03/03/1965,26/09/1987,
1039,"Zulkifli Utomo",1429,2,M,09/11/1999,21/12/2018,04/12/2023
1040,"Ahmad Prabowo",1430,2,M,01/10/1969,22/06/2001,
1041,"Wawan Susanto, M.Ft",1420,1,M,15/12/1969,23/10/1998,
1042,"Dr., Ningsih Santoso",1413,1,F,13/09/2000,29/03/2018,
1043,"A.Md, Mega Tampubolon",1427,2,F,12/03/1969,01/03/1995,
1044,"Yuni Priyanto, S.Kep",1413,1,F,05/02/1971,10/09/2002,29/10/2015
1045,"Lukman Saputra, dr. Sp.KK",1412,1,M,24/12/1970,09/06/2001,21/07/2010
1046,"Lina Purwanto, M.Farm",1419,1,F,20/10/1994,20/11/2022,
1047,"M.Ak, Lukas Malik",1428,2,M,15/09/1989,04/10/2021,11/02/2023
1048,"Vina Malik, A.Md.Kes",1431,2,F,21/05/2003,26/11/2022,
1049,"MBBS, Widya Hakim",1411,1,F,21/06/1980,27/11/2003,
1050,"Intan Widodo",1413,1,F,25/07/1991,11/05/2011,
1051,"Yanto Utomo",1430,2,M,19/03/1971,05/08/1990,
1052,"Drs., Mira Purwanto",1423,2,F,14/08/1986,04/11/2016,10/12/2019
1053,"S.KM, Kartika Raharjo",1424,2,F,30/05/1972,12/12/2004,
1054,"S.Sos, Budi Utomo",1427,2,M,14/10/1996,05/05/2019,
1055,"SST, Dewi Sugiarto",1417,1,F,17/06/1991,03/08/2022,
1056,"Putri Sugiarto",1433,2,F,02/10/2001,22/11/2020,
1057,"M.Ked, Prasetyo Putra",1411,1,M,01/02/1966,17/03/1993,
1058,"Lukas Sugiarto, MBBS",1411,1,M,29/07/1974,28/08/2001,
1059,"Lukas Santoso, Ak.",1428,2,M,25/09/1995,27/09/2023,
1060,"Puspita Priyanto",1430,2,F,26/02/1991,20/03/2019,
1061,"M.Kes, Bella Manurung",1415,1,F,23/01/1973,31/01/1993,
1062,"Mahendra Hermawan, Dr.",1411,1,M,28/10/1985,08/02/2019,
1063,"M.Ked, Made Prasetyo",1411,1,M,08/01/1983,05/01/2008,
1064,"Oki Hutabarat",1417,1,M,19/04/1985,19/03/2024,
1065,"Yanto Nugroho",1429,2,M,26/01/1987,09/09/2018,
1066,"Galih Saputra, S.T",1423,2,M,09/07/1984,28/07/2017,19/11/2022
1067,"S.Kom, Made Hartono",1425,2,M,07/12/1991,27/06/2020,
1068,"Teguh Susanto, M.Ak",1428,2,M,26/07/1998,18/10/2022,
1069,"Farhan Setiadi, S.E",1428,2,M,28/10/1991,11/04/2009,
1070,"Sp.Kep, Candra Prasetyo",1413,1,M,01/01/1983,12/09/2008,
1071,"M.Ked, Kusuma Lubis",1411,1,M,04/07/1988,08/06/2024,23/06/2025
1072,"Ade Firmansyah",1434,2,M,20/09/1995,13/01/2013,
1073,"Nanang Saputra",1429,2,M,26/04/1997,05/07/2016,
1074,"Purwanto Purwanto",1434,2,M,10/11/1981,22/08/2001,
1075,"Ratna Lubis, MARS",1423,2,F,11/09/1977,04/01/2002,30/07/2017
1076,"Yanti Gunawan",1411,1,F,27/03/1965,22/07/2000,20/05/2012
1077,"dr., Zulkifli Raharjo",1411,1,M,21/06/1973,25/10/2007,
1078,"Maya Raharjo, Sp.Farm",1419,1,F,05/09/1984,06/08/2005,
1079,"M.Ked, Rini Situmorang",1411,1,F,29/04/1989,06/05/2011,02/12/2025
1080,"Apt., Farhan Kurniawan",1419,1,M,08/06/1965,25/05/2000,
1081,"Sp.Kep, Yanti Kusuma",1413,1,F,28/04/1982,04/04/2019,
1082,"S.Tr.Kes, Kusuma Sugiarto",1431,2,M,04/09/1991,13/11/2012,
1083,"Ners, Iwan Hidayat",1413,1,M,29/03/2003,26/01/2021,
1084,"Hendra Nugroho",1413,1,M,24/05/1993,10/02/2019,23/10/2021
1085,"Nur Gunawan",1435,2,F,24/08/1984,28/05/2014,
1086,"Wawan Firmansyah, S.Kes",1415,1,M,20/01/1982,22/11/2019,
1087,"S.Tr.Kes, Lina Rahman",1431,2,F,12/09/1978,15/03/1999,
1088,"Ners, Widya Tampubolon",1413,1,F,30/11/1998,02/08/2021,
1089,"Ade Hidayat, S.Keb",1414,1,M,18/03/1975,02/08/1995,
1090,"Usman Firmansyah",1432,2,M,14/12/1978,28/02/1996,
1091,"Bella Setiadi",1430,2,F,30/03/1970,03/02/2005,
1092,"M.Gz, Citra Sinaga",1421,1,F,05/06/2002,11/12/2024,
1093,"Budi Prasetyo",1417,1,M,28/03/2000,01/07/2024,28/03/2025
1094,"Dr., Zulkifli Nugroho",1411,1,M,09/07/1973,16/06/2009,
1095,"A.Md.Kes, Wawan Purwanto",1415,1,M,14/09/1965,14/02/1992,
1096,"Zulkifli Sugiarto",1429,2,M,12/10/1987,24/01/2025,
1097,"M.Kep, Elia Putra",1413,1,F,23/01/1980,19/04/2009,
1098,"Zara Tampubolon, A.Md.Kep",1413,1,F,08/07/1965,12/02/1987,
1099,"Yanti Widodo, Dr.",1413,1,F,05/02/1971,11/04/2001,14/06/2021
1100,"Ners, Fitri Santoso",1413,1,F,21/01/1978,25/05/1997,
1101,"Lukman Widodo",1411,1,M,12/02/1967,17/01/1990,
1102,"Dr., Vera Situmorang",1413,1,F,15/03/1979,07/09/2005,
1103,"Bd., Purwanto Hakim",1414,1,M,15/09/1971,12/02/1991,
1104,"Ani Priyanto, Dr.",1413,1,F,03/05/1980,07/11/2019,
1105,"Apt., Ratna Lubis",1419,1,F,17/06/1995,19/09/2014,
1106,"M.Keb, Ika Kusuma",1414,1,F,06/09/1981,10/03/2004,
1107,"Dr. dr. Sp.PD, Anisa Hartono",1412,1,F,26/06/1971,29/10/1991,
1108,"Sp.Farm, Tri Widodo",1419,1,F,06/08/1970,30/12/1995,
1109,"Zahra Prasetyo, A.Md.Kes",1418,1,F,19/08/1984,12/09/2003,
1110,"DrPH, Ani Hidayat",1424,2,F,21/12/1965,29/11/1995,
1111,"Diana Purwanto",1429,2,F,02/01/1972,18/08/2001,
1112,"Sinta Raharjo, A.Md.Kep",1413,1,F,13/03/1975,11/08/1998,
1113,"M.M, Hadi Sugiarto",1427,2,M,12/04/1981,26/02/2002,
1114,"Apt., Wulan Santoso",1419,1,F,22/02/1996,01/06/2025,
1115,"Sinta Lubis, S.Tr.Rad",1417,1,F,31/03/1999,13/04/2018,
1116,"Ade Wijaya",1432,2,M,27/10/1982,28/07/2000,14/03/2012
1117,"dr. Sp.PD, Fajar Setiawan",1412,1,M,12/10/1968,18/10/2007,
1118,"Puspita Nugroho, M.Kep",1413,1,F,04/01/1967,07/02/1995,
1119,"S.Adm, Lukman Siahaan",1427,2,M,19/06/1984,14/05/2015,
1120,"dr. Sp.PD, Citra Hutapea",1412,1,F,21/01/1976,17/08/2000,
1121,"S.Kep, Kartika Santoso",1413,1,F,21/02/1987,13/01/2013,
1122,"drg. Sp.Pros, Indah Malik",1412,1,F,23/12/1989,02/02/2009,
1123,"Nanang Kusuma, S.Sos",1427,2,M,26/07/2003,04/02/2025,
1124,"Apt., Tuti Wijayanto",1419,1,F,10/07/1978,21/12/2007,
1125,"Nadia Susanto, S.Tr.Kes",1418,1,F,10/07/1971,13/10/2011,
1126,"dr. Sp.BP, Hadi Simanjuntak",1412,1,M,02/07/1996,26/09/2025,
1127,"Eko Suprapto",1431,2,M,19/03/1974,31/12/2004,
1128,"A.Md.Kes, Zahra Manurung",1431,2,F,10/03/1967,19/05/1990,
1129,"Taufik Kurniawan",1411,1,M,19/02/1976,07/02/2009,
1130,"A.Md.Kep, Tri Nugroho",1413,1,F,04/10/1991,11/09/2024,
1131,"Lestari Pasaribu, S.KM",1426,2,F,21/10/1967,20/10/1997,
1132,"Fani Panjaitan, S.Kep",1413,1,F,01/12/2002,25/09/2025,
1133,"A.Md.Kep, Gilang Wijaya",1413,1,M,13/10/1990,14/07/2009,
1134,"Ika Budiman",1416,1,F,03/12/1974,29/06/2001,
1135,"S.Farm, Kurniawan Sinaga",1419,1,M,02/03/1974,19/12/1997,
1136,"MARS, Cahyo Nugroho",1424,2,M,07/03/1992,06/03/2012,
1137,"Dr., Elia Gunawan",1413,1,F,25/05/2000,22/06/2022,
1138,"M.Ked, Irfan Firmansyah",1411,1,M,16/05/1976,15/12/2014,
1139,"Dewi Situmorang, S.KM",1426,2,F,15/02/1967,09/11/1988,
1140,"Gilang Sitompul, M.T",1425,2,M,27/06/1993,16/12/2013,
1141,"A.Md.Kep, Iwan Gunawan",1413,1,M,02/04/1985,07/07/2018,
1142,"Yuni Gunawan, Dr.",1413,1,F,08/01/1996,16/09/2019,
1143,"Wati Hakim, S.Kep",1413,1,F,24/03/1972,16/04/2010,
1144,"A.Md.Kep, Lina Wijaya",1413,1,F,21/01/2003,10/08/2025,
1145,"Bambang Suprapto, Dr.",1411,1,M,31/08/1999,09/05/2023,
1146,"Gunawan Lubis",1429,2,M,20/12/1967,05/02/1991,
1147,"Ners, Zara Kurniawan",1413,1,F,26/03/2001,09/12/2019,
1148,"Fani Utomo, dr. Sp.JP",1412,1,F,31/05/1983,15/01/2019,
1149,"Lestari Hutabarat, M.Kep",1413,1,F,23/01/2001,25/04/2020,
1150,"Tiara Gunawan",1433,2,F,12/10/1975,15/12/2012,
1151,"dr. Sp.RM, Dwi Nugroho",1412,1,M,09/08/1973,10/08/2004,
1152,"SST, Fitri Hutabarat",1414,1,F,15/08/1980,27/12/2019,
1153,"MD, Firmansyah Gunawan",1411,1,M,10/08/2002,22/08/2022,
1154,"Zulkifli Kusuma, S.Sos",1427,2,M,24/11/1965,17/03/1999,
1155,"Vera Simanjuntak",1414,1,F,03/04/1975,28/02/1996,
1156,"Dr., Rina Hutapea",1413,1,F,07/02/1973,29/04/1996,
1157,"Vina Situmorang, MD",1411,1,F,09/07/1969,06/05/1996,
1158,"Nadia Setiawan",1411,1,F,08/03/1993,08/04/2012,
1159,"Elia Rahman",1431,2,F,19/06/1970,12/06/2001,
1160,"M.KM, Intan Susanto",1426,2,F,10/09/1994,20/03/2025,
1161,"Ahmad Siahaan, S.T",1425,2,M,16/06/1970,31/07/1988,
1162,"Wahyu Siahaan, S.Gz",1421,1,M,26/09/1977,15/11/2008,
1163,"M.KM, Farhan Firmansyah",1424,2,M,20/03/2000,25/03/2018,
1164,"Fani Lubis",1434,2,F,07/01/1996,30/04/2018,
1165,"M.M, Prasetyo Sitompul",1427,2,M,16/07/1985,09/07/2017,
1166,"Hesti Wijayanto",1421,1,F,22/01/1980,10/05/2004,
1167,"MBBS, Diah Wijaya",1411,1,F,16/09/1986,23/04/2007,
1168,"Candra Pratama",1418,1,M,03/05/1999,05/06/2024,
1169,"SST, Gunawan Wibowo",1417,1,M,27/09/1976,08/01/2011,
1170,"Lukas Hermawan, dr.",1411,1,M,29/01/1983,19/03/2014,
1171,"Sinta Wijaya",1430,2,F,16/05/1980,31/08/2020,14/03/2022
1172,"A.Md.Kes, Maya Prasetyo",1415,1,F,08/03/1969,04/02/1988,
1173,"Rina Nugroho, Sp.Farm",1419,1,F,10/07/1969,19/10/1993,
1174,"Wati Sari",1415,1,F,30/11/2000,04/02/2024,22/09/2025
1175,"Ahmad Prasetyo",1429,2,M,15/09/1973,01/10/2002,
1176,"Yanti Susanto, SST",1417,1,F,01/08/1991,01/05/2009,
1177,"Purwanto Firmansyah",1423,2,M,08/03/1979,24/10/2019,
1178,"Retno Pasaribu, dr.",1411,1,F,05/09/1991,10/03/2020,
1179,"Hendra Setiadi, A.Md",1427,2,M,07/02/1990,23/12/2014,
1180,"Dr., Sri Wibowo",1411,1,F,26/03/1976,29/12/1999,
1181,"Nugroho Kusuma",1431,2,M,03/07/1996,02/11/2015,18/01/2021
1182,"Dr., Sri Tampubolon",1413,1,F,19/09/1966,10/12/1985,
1183,"Galih Kusuma, M.Kes",1415,1,M,13/06/1999,10/10/2020,
1184,"Mega Wijaya",1418,1,F,13/08/2003,05/07/2021,
1185,"M.Kep, Rini Pratama",1413,1,F,01/07/1980,21/11/2011,
1186,"Dr. dr. Sp.PD, Taufik Putra",1412,1,M,03/02/1972,03/04/1997,
1187,"Ika Utomo, M.Kes",1415,1,F,02/01/1989,28/12/2018,
1188,"Rina Prabowo, ATLM",1422,1,F,28/06/1985,01/12/2018,
1189,"Vina Siregar, Sp.Kep",1413,1,F,29/10/1995,04/08/2018,
1190,"A.Md.ELM, Yuliana Simbolon",1416,1,F,26/03/1986,30/07/2023,
1191,"Jaya Prasetyo",1427,2,M,19/05/1997,12/04/2016,
1192,"Ade Hutapea",1413,1,M,03/09/1992,17/01/2010,01/03/2014
1193,"A.Md.Kes, Widya Simanjuntak",1415,1,F,22/02/1986,01/08/2025,
1194,"Puspita Wijaya, MBBS",1411,1,F,22/01/2001,01/09/2025,
1195,"Tuti Nasution, S.Sos",1427,2,F,29/07/1994,09/10/2023,
1196,"Slamet Wibowo",1430,2,M,01/03/1988,20/09/2023,
1197,"Jaya Sitompul, S.Sos",1427,2,M,08/05/1972,08/12/2002,
1198,"A.Md.ELM, Yoga Maulana",1416,1,M,05/12/1990,23/01/2024,
1199,"M.Kes, Novita Maulana",1415,1,F,17/06/1992,03/12/2018,04/03/2023
1200,"Retno Utomo, S.Gz",1421,1,F,01/07/1977,15/05/2009,
1201,"S.Adm, Farhan Permana",1427,2,M,26/03/1994,04/06/2013,
1202,"Sp.Kep, Nur Gunawan",1413,1,F,27/01/1997,09/02/2020,
1203,"S.Tr.RMIK, Haris Sugiarto",1426,2,M,15/05/1973,18/11/1991,
1204,"Ir., Eko Malik",1423,2,M,11/05/1971,08/09/1992,25/12/2012
1205,"Nugroho Kurniawan, S.Tr.Rad",1417,1,M,31/07/1968,31/01/1991,
1206,"S.KM, Oki Simbolon",1426,2,M,04/11/1969,05/12/1997,
1207,"M.Ked, Wawan Hutapea",1411,1,M,19/06/1975,31/03/2008,
1208,"M.Kep, Haris Raharjo",1413,1,M,13/06/1994,17/05/2017,
1209,"Iwan Sinaga",1424,2,M,25/09/1980,19/04/2003,
1210,"Tri Hutabarat, SST",1414,1,F,07/04/2003,08/02/2021,
1211,"M.M, Intan Hartono",1423,2,F,30/03/1978,02/12/2011,
1212,"S.Kes, Rini Lubis",1415,1,F,21/08/1988,15/05/2006,
1213,"Kusuma Lubis",1433,2,M,24/07/1981,28/02/2021,
1214,"A.Md.Kep, Maya Budiman",1413,1,F,29/03/1976,13/01/2010,26/01/2011
1215,"Galih Utomo",1413,1,M,23/05/1998,05/05/2018,
1216,"Yoga Permana",1427,2,M,02/05/1966,24/04/1999,
1217,"MBBS, Indra Wibowo",1411,1,M,10/09/1984,05/03/2015,
1218,"A.Md.ELM, Ika Hermawan",1416,1,F,27/01/1996,25/04/2016,
1219,"Citra Pasaribu",1430,2,F,01/04/1987,20/08/2007,
1220,"S.K3, Ayu Hermawan",1435,2,F,10/05/1967,01/12/2002,
1221,"Tiara Santoso, dr.",1411,1,F,07/03/1988,21/03/2006,31/10/2007
1222,"Novita Purwanto",1413,1,F,31/12/2000,02/09/2025,
1223,"Sri Wijayanto, A.Md.Kes",1415,1,F,19/04/1978,02/12/2003,
1224,"Kartika Nugroho",1413,1,F,22/08/1977,01/10/2013,
1225,"Indah Firmansyah, S.Adm",1427,2,F,28/08/1976,12/10/2012,
1226,"drg. Sp.Perio, Irfan Nugroho",1412,1,M,17/07/1997,07/04/2025,
1227,"Prasetyo Nasution",1428,2,M,10/09/1974,30/05/2004,10/05/2023
1228,"S.Adm, Rahmat Suryanto",1427,2,M,03/02/1997,26/05/2022,
1229,"Ani Situmorang",1435,2,F,28/09/1976,27/03/2006,
1230,"Ratna Kurniawan, dr. Sp.U",1412,1,F,10/11/1990,21/01/2015,21/10/2024
1231,"M.Kes, Jaya Hutabarat",1415,1,M,12/04/1993,24/01/2012,
1232,"Nur Hidayat",1430,2,F,03/05/2000,06/04/2023,
1233,"Wawan Suryanto",1434,2,M,18/07/1965,16/11/2005,
1234,"Yuliana Hutapea",1427,2,F,08/02/1973,05/08/1993,
1235,"M.Kep, Mega Widodo",1413,1,F,30/06/1982,04/04/2016,
1236,"Retno Hutabarat, S.Tr.RMIK",1426,2,F,19/03/1985,04/01/2003,
1237,"Puspita Setiawan",1430,2,F,05/07/1983,16/06/2007,
1238,"dr. Sp.PK, Sri Hakim",1412,1,F,23/02/2000,09/09/2019,
1239,"Joko Gunawan",1418,1,M,03/11/2000,26/06/2020,
1240,"Tiara Kurniawan",1413,1,F,04/05/1993,23/11/2024,
1241,"Nanang Simanjuntak",1427,2,M,07/09/1997,21/06/2017,
1242,"S.Adm, Fani Siahaan",1427,2,F,22/01/1983,27/12/2011,24/06/2018
1243,"Widya Panjaitan, S.Adm.Kes",1423,2,F,28/03/1986,14/03/2016,
1244,"Oki Simbolon, S.Ked",1411,1,M,18/06/1992,02/06/2011,
1245,"S.E, Rini Sinaga",1423,2,F,26/06/1975,09/02/2000,
1246,"Dr., Ratna Wijayanto",1411,1,F,07/12/1986,08/12/2010,
1247,"Ahmad Sinaga",1424,2,M,27/03/1970,16/01/2008,
1248,"drg. Sp.BM, Ningsih Manurung",1412,1,F,30/08/2002,26/02/2020,
1249,"Mira Susanto",1433,2,F,21/06/1970,06/05/1998,
1250,"CA, Tiara Hakim",1428,2,F,02/01/1969,16/01/2009,
1251,"S.Kep, Ratna Permana",1413,1,F,07/09/1965,19/03/1997,
1252,"Fitri Maulana",1420,1,F,02/05/1972,22/11/2010,
1253,"Silvi Nasution, dr.",1411,1,F,18/12/2001,23/08/2021,
1254,"Farhan Budiman",1431,2,M,23/09/1984,27/03/2005,
1255,"Lestari Tampubolon, S.Kep",1413,1,F,24/06/1993,05/03/2013,
1256,"Lukas Sugiarto",1429,2,M,11/10/1977,07/01/2015,
1257,"M.Kes, Rini Suryanto",1415,1,F,25/10/1988,01/07/2012,
1258,"Nanang Hidayat",1418,1,M,20/12/1986,29/04/2020,
1259,"Maya Suryanto, M.Adm.Kes",1423,2,F,29/09/2000,24/01/2018,
1260,"Wati Prabowo",1422,1,F,17/10/1972,24/11/2007,
1261,"Dwi Lubis, S.Keb",1414,1,M,25/06/1983,15/08/2001,01/11/2006
1262,"MD, Ahmad Purwanto",1411,1,M,24/03/1992,14/03/2013,
1263,"Dr., Lina Pratama",1413,1,F,25/11/1980,22/11/2012,
1264,"Retno Firmansyah",1430,2,F,01/09/1995,31/08/2018,
1265,"Dr., Jaya Sugiarto",1413,1,M,27/02/1984,20/04/2019,
1266,"Fajar Kurniawan",1415,1,M,06/12/2002,25/07/2021,
1267,"A.Md.Kep, Indah Purwanto",1413,1,F,08/08/1994,23/12/2013,
1268,"Dra., Lestari Utomo",1423,2,F,21/04/1969,30/09/2003,
1269,"Ika Kusuma, Sp.Kep",1413,1,F,20/11/1983,26/02/2010,
1270,"Lina Hakim, Ners",1413,1,F,26/12/1985,05/03/2011,
1271,"Ningsih Siregar, A.Md.Keb",1414,1,F,19/07/1994,24/03/2014,
1272,"Fani Simbolon, ATLM",1422,1,F,28/12/1976,09/07/2001,
1273,"Hadi Setiawan",1432,2,M,26/10/1987,27/11/2015,
1274,"Eko Maulana",1429,2,M,08/10/2002,04/02/2022,11/03/2023
1275,"Maya Siregar, M.T",1423,2,F,08/09/1982,21/03/2008,
1276,"Zulkifli Putra, Dr.",1413,1,M,21/04/1994,11/06/2024,
1277,"Dr. dr. Sp.PD, Putri Susanto",1412,1,F,07/12/1983,15/01/2014,09/11/2018
1278,"Susilo Panjaitan",1429,2,M,30/01/1982,17/05/2003,
1279,"Puspita Kusuma, S.Tr.Kes",1422,1,F,08/04/1994,06/04/2014,
1280,"Zara Setiawan, M.M",1428,2,F,27/03/1965,24/10/2002,
1281,"M.Kep, Sinta Widodo",1413,1,F,18/06/1968,03/09/2002,
1282,"S.E, Wulan Santoso",1423,2,F,06/09/1993,12/09/2011,
1283,"Fajar Lubis, S.E",1427,2,M,30/01/1967,18/10/1992,
1284,"S.Kep, Dimas Simbolon",1413,1,M,19/04/1971,14/09/2004,
1285,"Wahyu Putra, M.Keb",1414,1,M,15/03/1979,07/12/2014,
1286,"Sp.Kep, Zulkifli Simbolon",1413,1,M,01/11/1992,08/10/2012,
1287,"dr. Sp.PD, Mahendra Rahman",1412,1,M,30/09/1992,12/10/2013,
1288,"Gilang Hermawan",1435,2,M,27/08/1970,27/08/2000,
1289,"S.E, Intan Malik",1427,2,F,26/01/2000,10/03/2025,
1290,"S.T, Usman Manurung",1425,2,M,22/09/1975,18/11/1997,
1291,"Dwi Hermawan",1430,2,M,16/11/1987,04/12/2017,06/10/2019
1292,"Ners, Cahyo Siregar",1413,1,M,22/09/1971,24/04/2007,
1293,"Rudi Gunawan, MBA",1423,2,M,20/11/1980,31/10/2020,
1294,"Putri Hartono, SST",1414,1,F,17/09/1984,01/09/2011,
1295,"Fitri Maulana, Ak.",1428,2,F,10/07/2000,17/02/2024,
1296,"Joko Pasaribu",1413,1,M,26/04/1989,22/09/2018,
1297,"S.Kes, Hesti Prabowo",1424,2,F,17/10/1989,23/12/2019,
1298,"Ani Nugroho",1430,2,F,10/03/2001,02/10/2019,23/10/2025
1299,"Wahyu Sari",1434,2,M,25/09/1993,20/10/2011,
1300,"Jaya Utomo",1429,2,M,27/02/1989,11/05/2018,
1301,"Dr., Sari Hutabarat",1411,1,F,24/04/1977,06/08/1998,01/12/2002
1302,"drg. Sp.BM, Wahyu Hermawan",1412,1,M,04/06/2003,17/04/2025,
1303,"Prasetyo Nasution",1426,2,M,02/01/1998,31/05/2018,
1304,"Nadia Prabowo, A.Md",1427,2,F,22/02/1982,21/09/2021,
1305,"Yuni Setiawan, A.Md.RMIK",1426,2,F,08/11/1995,21/01/2023,
1306,"Silvi Priyanto, M.Kep",1413,1,F,20/05/1994,23/07/2013,
1307,"Zainal Suryanto, dr.",1411,1,M,09/07/1990,26/07/2009,
1308,"M.T, Purwanto Saputra",1423,2,M,25/02/1991,13/07/2021,
1309,"Haris Sari, M.T",1425,2,M,11/07/1995,11/02/2016,
1310,"Dwi Maulana, M.KM",1426,2,M,16/12/1990,16/05/2016,
1311,"dr. Sp.KJ, Tuti Sugiarto",1412,1,F,06/09/1996,10/09/2022,24/10/2025
1312,"Bd., Ika Kusuma",1414,1,F,19/06/1987,25/02/2021,01/05/2023
1313,"Rudi Saputra",1429,2,M,19/04/1997,14/01/2019,
1314,"Made Raharjo, M.Kep",1413,1,M,06/01/2002,30/08/2023,
1315,"Sp.Kep, Zara Rahman",1413,1,F,21/03/1986,07/09/2009,
1316,"Vina Manurung, S.E",1423,2,F,17/05/2002,27/04/2025,
1317,"Bambang Hermawan",1430,2,M,06/08/1999,08/05/2020,
1318,"dr. Sp.BP, Putri Rahman",1412,1,F,08/05/2002,12/05/2024,
1319,"S.Sos, Gilang Suprapto",1427,2,M,04/05/1993,24/08/2024,
1320,"S.T, Lukman Hartono",1423,2,M,15/10/1972,26/12/1998,
1321,"dr. Sp.M, Lukas Hakim",1412,1,M,07/02/1987,02/05/2007,27/06/2025
1322,"Lina Saputra, M.Kep",1413,1,F,13/09/1983,22/08/2023,
1323,"Apt., Hendra Permana",1419,1,M,21/08/1998,01/01/2025,
1324,"Dr., Puspita Sari",1413,1,F,08/09/1997,16/11/2022,12/10/2024
1325,"Endah Sitompul",1428,2,F,16/04/2000,23/11/2018,28/11/2022
1326,"Ningsih Rahman, S.Kes",1415,1,F,11/05/1976,07/04/2000,
1327,"Wati Situmorang, M.Keb",1414,1,F,02/08/1974,07/11/1995,
1328,"Irfan Tampubolon",1433,2,M,01/03/1997,28/05/2018,
1329,"Farhan Wibowo",1427,2,M,02/03/2003,03/07/2024,
1330,"A.Md.Kep, Tuti Raharjo",1413,1,F,07/07/1966,28/01/1990,
1331,"Retno Hakim",1430,2,F,04/08/1983,14/12/2019,
1332,"M.Kep, Usman Priyanto",1413,1,M,04/05/1979,07/08/2012,
1333,"Hadi Priyanto, dr. Sp.RM",1412,1,M,02/09/2000,19/10/2019,
1334,"Ani Sinaga",1428,2,F,03/03/1976,17/08/2001,
1335,"Citra Siahaan",1430,2,F,26/07/1995,11/12/2019,
1336,"Gunawan Setiadi",1429,2,M,07/03/1985,29/06/2012,
1337,"Rina Wijayanto, Sp.Kep",1413,1,F,21/12/1997,08/12/2016,
1338,"Ningsih Setiawan, A.Md.Kep",1413,1,F,19/02/1971,03/09/1989,
1339,"S.Si, Wahyu Pratama",1418,1,M,25/10/1999,02/12/2021,
1340,"Retno Rahman, S.Kom",1425,2,F,20/02/1982,18/12/2006,
1341,"Ners, Lestari Wijaya",1413,1,F,09/11/1995,22/04/2015,
1342,"M.Kom, Bayu Hidayat",1425,2,M,04/12/1976,09/09/1996,
1343,"Candra Santoso, S.Tr.RMIK",1426,2,M,16/01/1998,20/01/2019,
1344,"Fani Saputra",1429,2,F,30/05/1988,26/12/2012,
1345,"Dr., Wulan Susanto",1413,1,F,29/09/1997,30/09/2021,
1346,"Ningsih Manurung, S.Kep",1413,1,F,18/05/1998,04/12/2020,
1347,"S.Tr.RMIK, Zahra Prasetyo",1426,2,F,30/04/1988,29/10/2012,
1348,"Tri Siahaan",1413,1,F,05/11/1985,14/09/2015,
1349,"Firmansyah Pasaribu, Dr.",1411,1,M,19/09/2003,01/05/2022,
1350,"Gilang Gunawan",1430,2,M,03/12/1996,22/08/2018,
1351,"Rahmat Hermawan, S.Sos",1427,2,M,09/06/1969,22/11/2003,
1352,"M.Kep, Hadi Siahaan",1413,1,M,23/12/1966,27/05/2005,
1353,"Tiara Tampubolon, Dr.",1413,1,F,15/10/2000,06/06/2025,
1354,"A.Md.Kep, Zahra Panjaitan",1413,1,F,20/03/1983,24/07/2012,
1355,"Wati Nugroho, M.KM",1426,2,F,29/04/2003,24/09/2023,
1356,"Made Hermawan",1425,2,M,27/12/1984,05/07/2019,
1357,"Novita Saputra",1430,2,F,12/04/1980,02/03/2001,
1358,"Hadi Tampubolon, S.Ked",1411,1,M,01/04/1985,22/03/2009,
1359,"MBBS, Zulkifli Hutapea",1411,1,M,15/08/1988,27/10/2018,
1360,"Farhan Setiadi",1433,2,M,19/03/1984,30/12/2013,
1361,"Vina Prabowo",1413,1,F,09/04/1975,04/09/2012,
1362,"A.Md.Kes, Agus Hermawan",1422,1,M,09/12/2001,22/03/2023,10/01/2024
1363,"Hesti Kusuma",1433,2,F,01/07/1994,17/08/2018,
1364,"S.Adm, Haris Sitompul",1427,2,M,29/05/1976,23/06/2004,
1365,"Iwan Setiawan, dr. Sp.F",1412,1,M,14/12/1983,20/11/2023,
1366,"Kusuma Firmansyah",1433,2,M,27/06/1996,19/05/2016,
1367,"A.Md, Lukman Nugroho",1427,2,M,09/01/1991,28/12/2015,
1368,"Tri Raharjo, A.Md.Kep",1413,1,F,24/04/1966,02/11/1987,05/03/2002
1369,"Nugroho Widodo, MBA",1423,2,M,25/12/1973,20/12/1994,
1370,"S.Kep, Lestari Wijayanto",1413,1,F,30/05/1977,06/03/2011,
1371,"A.Md, Kurniawan Malik",1427,2,M,07/12/1980,20/07/1999,
1372,"Ade Manurung, A.Md",1427,2,M,28/01/1990,23/07/2022,
1373,"Dr., Novita Hakim",1411,1,F,03/10/1981,01/09/2010,
1374,"Vina Panjaitan, S.Tr.RMIK",1426,2,F,12/05/1984,20/07/2010,
1375,"Sp.Kep, Candra Pasaribu",1413,1,M,25/10/1989,06/05/2008,
1376,"Rudi Kusuma",1420,1,M,12/04/1983,29/01/2011,
1377,"Rina Suprapto",1413,1,F,02/03/1988,16/10/2015,
1378,"Ahmad Susanto",1430,2,M,09/08/1974,07/07/1999,
1379,"Rini Sugiarto, S.Ak",1428,2,F,17/02/1975,12/02/2013,
1380,"A.Md.Kes, Maya Utomo",1422,1,F,25/09/1988,15/07/2012,
1381,"Fitri Malik, S.Keb",1414,1,F,30/03/1998,20/04/2019,
1382,"Lestari Sitompul",1425,2,F,18/10/1989,18/07/2023,
1383,"Gilang Simbolon, S.T",1425,2,M,09/05/1992,19/11/2011,
1384,"Slamet Kusuma, M.Farm",1419,1,M,19/04/1968,19/03/1993,
1385,"M.Farm, Citra Setiawan",1419,1,F,16/08/1971,29/11/2011,
1386,"M.Kep, Gunawan Wijayanto",1413,1,M,14/02/1983,23/07/2005,
1387,"S.Si, Budi Wijaya",1418,1,M,30/03/1988,03/07/2015,12/04/2019
1388,"Irfan Setiawan, dr. Sp.THT",1412,1,M,28/09/1978,07/12/2013,
1389,"M.Ft, Retno Utomo",1420,1,F,19/10/1978,12/09/1999,
1390,"Dr., Ningsih Nugroho",1413,1,F,11/06/2001,15/11/2019,
1391,"Sp.Kep, Silvi Siahaan",1413,1,F,30/03/1979,24/04/2003,30/11/2011
1392,"Joko Wibowo, S.KM",1426,2,M,21/10/1973,23/12/1998,
1393,"Ika Lubis",1430,2,F,12/04/2001,08/06/2020,
1394,"Drs., Irfan Putra",1423,2,M,13/02/1965,10/07/2005,
1395,"S.Adm.Kes, Rahmat Wijaya",1423,2,M,30/04/1976,22/02/2003,06/04/2009
1396,"Dr., Silvi Prabowo",1413,1,F,26/03/1969,27/12/2006,
1397,"dr. Sp.PD, Lina Kurniawan",1412,1,F,02/08/2001,16/05/2025,
1398,"Galih Setiadi",1430,2,M,20/02/1987,31/10/2015,
1399,"Mahendra Simbolon",1426,2,M,04/07/1981,02/10/2015,
1400,"S.Keb, Yuliana Malik",1414,1,F,17/02/2002,31/10/2024,
1401,"Budi Wibowo",1430,2,M,01/01/1977,27/05/2011,
1402,"Sri Sugiarto",1415,1,F,23/10/1973,06/12/2001,
1403,"Agus Nasution, A.Md.Kes",1431,2,M,12/06/1990,10/08/2019,
1404,"DrPH, Fitri Wijayanto",1424,2,F,15/02/1970,11/09/1996,18/02/2002
1405,"Ir., Vera Saputra",1423,2,F,06/05/1990,18/04/2015,
1406,"Maya Nugroho, S.Kep",1413,1,F,02/06/1992,10/08/2024,
1407,"Wulan Priyanto, S.Kep",1413,1,F,22/01/1986,05/09/2005,12/05/2009
1408,"Zara Hermawan, drg. Sp.Pros",1412,1,F,17/03/1991,27/08/2025,
1409,"Ade Maulana",1429,2,M,02/07/1978,31/07/1996,31/08/2012
1410,"S.Kep, Rahmat Prasetyo",1413,1,M,20/08/1983,27/01/2001,
1411,"S.Kep, Yanti Budiman",1413,1,F,06/03/1968,16/07/1991,
1412,"Bella Sari, dr.",1411,1,F,09/04/1994,24/01/2020,
1413,"Rina Tampubolon",1413,1,F,05/02/1998,02/02/2016,
1414,"Bambang Suryanto, S.Kep",1413,1,M,12/05/1979,17/05/2014,
1415,"Zainal Putra",1432,2,M,15/01/1996,31/01/2023,
1416,"M.Kes, Wulan Purwanto",1415,1,F,07/11/1974,03/11/1998,
1417,"Sri Hidayat",1433,2,F,27/01/1979,16/09/1997,
1418,"Mahendra Saputra",1434,2,M,15/11/1989,23/12/2021,
1419,"A.Md.Kep, Zara Wijaya",1413,1,F,15/05/1991,26/04/2022,
1420,"Anisa Firmansyah, M.Kep",1413,1,F,15/06/1972,29/10/1999,
1421,"A.Md.Keb, Tri Sitompul",1414,1,F,26/07/1965,13/05/1984,
1422,"Ningsih Firmansyah",1429,2,F,21/10/1971,17/09/1989,15/03/1993
1423,"Yanti Hidayat, M.Kep",1413,1,F,19/01/1965,06/04/1996,
1424,"Linda Utomo",1417,1,F,22/07/1978,10/10/2010,
1425,"Eko Prasetyo, M.Adm.Kes",1423,2,M,06/12/1999,22/05/2017,
1426,"Putri Pasaribu, Sp.Kep",1413,1,F,06/09/1997,03/09/2017,
1427,"Ir., Bayu Malik",1423,2,M,12/04/1993,02/01/2020,
1428,"Sari Suryanto",1430,2,F,06/01/1982,18/08/2016,
1429,"Silvi Budiman, A.Md.RMIK",1426,2,F,30/04/2000,31/12/2019,
1430,"dr. Sp.U, Fitri Pratama",1412,1,F,12/02/2000,09/11/2019,
1431,"Sinta Hutapea, A.Md.Kes",1422,1,F,11/06/1987,15/09/2024,
1432,"Ahmad Widodo, M.M",1427,2,M,19/04/2002,17/10/2022,
1433,"Putri Setiadi, M.Keb",1414,1,F,11/06/2000,27/05/2021,
1434,"Wawan Wibowo, S.T",1434,2,M,27/10/2003,13/09/2021,
1435,"Ners, Mahendra Rahman",1413,1,M,04/11/2001,16/05/2021,
1436,"Rudi Siregar",1424,2,M,01/11/1990,16/01/2017,
1437,"Kartika Prabowo, dr. Sp.An",1412,1,F,06/12/1999,18/10/2024,
1438,"Lukas Prabowo",1430,2,M,02/07/1974,18/08/2000,
1439,"A.Md.Kes, Mahendra Purwanto",1431,2,M,25/05/1989,16/03/2019,
1440,"dr. Sp.RM, Irfan Nugroho",1412,1,M,12/04/1970,11/01/1999,
1441,"Yuliana Permana, S.Adm",1427,2,F,26/10/1973,02/11/2003,
1442,"Rudi Situmorang",1415,1,M,11/04/1995,04/08/2017,
1443,"Tri Wijaya, M.Ked",1411,1,F,27/06/1975,09/02/2005,
1444,"Yoga Raharjo",1427,2,M,03/03/1984,21/01/2006,
1445,"S.E, Hadi Saputra",1427,2,M,27/05/1997,26/10/2017,
1446,"Rahmat Priyanto",1429,2,M,02/05/1974,19/09/2004,
1447,"Diah Hermawan",1413,1,F,04/11/1971,04/01/2011,
1448,"M.Kes, Indra Gunawan",1415,1,M,12/09/1990,09/02/2010,
1449,"Rina Firmansyah, A.Md.RMIK",1426,2,F,13/10/1967,19/11/2003,
1450,"Putri Prasetyo, A.Md.Kep",1413,1,F,31/08/1995,29/01/2020,
1451,"Sp.Kep, Wati Kusuma",1413,1,F,21/03/1997,02/07/2023,09/03/2025
1452,"A.Md.Kes, Agus Setiawan",1415,1,M,12/10/1989,26/08/2008,
1453,"Dr., Anisa Maulana",1411,1,F,21/05/1983,17/09/2002,22/04/2006
1454,"Prasetyo Pasaribu",1411,1,M,13/04/1976,27/12/2001,
1455,"M.Kep, Retno Panjaitan",1413,1,F,26/11/1997,30/07/2015,
1456,"S.Tr.RMIK, Hendra Permana",1426,2,M,27/07/1985,17/02/2017,16/04/2022
1457,"Susilo Malik",1429,2,M,05/05/1981,20/09/2011,
1458,"Tuti Prasetyo, Dr.",1413,1,F,25/02/1987,15/08/2022,
1459,"Wati Hartono",1430,2,F,23/12/1971,17/03/2008,
1460,"S.Tr.Kes, Yanti Saputra",1431,2,F,10/04/1976,17/07/1998,
1461,"Novita Kusuma",1427,2,F,21/06/2003,23/02/2021,
1462,"Rudi Pratama, S.Adm.Kes",1423,2,M,21/11/1975,07/08/2015,
1463,"dr. Sp.Rad, Wati Situmorang",1412,1,F,05/05/2000,29/05/2021,
1464,"Joko Hutapea",1433,2,M,16/11/1995,21/10/2023,
1465,"Diah Hidayat, A.Md.Kep",1413,1,F,02/03/1986,05/01/2008,
1466,"Nadia Sari, A.Md.Kep",1413,1,F,01/10/2003,08/06/2024,
1467,"Gilang Hermawan",1430,2,M,08/10/1968,06/11/2004,
1468,"Anisa Gunawan",1421,1,F,12/07/1984,29/07/2014,29/06/2016
1469,"Intan Hakim",1413,1,F,01/02/1978,29/12/2014,
1470,"Susilo Setiawan",1428,2,M,26/02/1993,06/01/2024,
1471,"S.Tr.Rad, Nadia Hakim",1417,1,F,19/02/1998,10/03/2018,
1472,"Wati Pratama",1429,2,F,05/05/1991,20/01/2010,
1473,"A.Md.Keb, Endah Sugiarto",1414,1,F,12/08/1972,17/01/2003,
1474,"S.Tr.Kes, Yanto Firmansyah",1431,2,M,12/05/2000,26/09/2023,
1475,"S.T, Zahra Prabowo",1434,2,F,13/11/1998,29/10/2022,
1476,"Gunawan Priyanto, Dra.",1423,2,M,28/06/1984,07/11/2016,
1477,"Galih Simbolon, M.M",1427,2,M,01/09/1976,06/03/1995,27/11/2003
1478,"Dr., Firmansyah Sugiarto",1413,1,M,05/02/1965,23/11/2004,
1479,"Sp.Kep, Anisa Susanto",1413,1,F,08/01/2003,09/10/2025,
1480,"Fani Susanto",1426,2,F,26/02/1988,20/08/2021,
1481,"Ners, Yuni Nasution",1413,1,F,28/05/1968,21/02/1992,
1482,"Sp.Kep, Zahra Gunawan",1413,1,F,14/04/1996,27/01/2016,
